2026-07-18 18:32:13 [INFO] CSC is loading...   Success！
2026-07-18 18:32:32 [INFO]    _____  _____  _____ 
2026-07-18 18:32:32 [INFO]   / ____|/ ____|/ ____|
2026-07-18 18:32:32 [INFO]  | |    | (___ | |        [CSC] Version: v1.21.27
2026-07-18 18:32:32 [INFO]  | |     \___ \| |        Minecraft Version: 1.21.1 neoforge
2026-07-18 18:32:32 [INFO]  | |____ ____) | |____    Problem/Feedback: Discord: https://discord.gg/rQV5JPauY7
2026-07-18 18:32:32 [INFO]   \_____|_____/ \_____|
2026-07-18 18:32:32 [INFO]                        
2026-07-18 18:32:32 [INFO] Security notice: Mod id whitelist mode is enabled. This feature restricts printing blocks from mods outside the whitelist to reduce the risk of blueprint vulnerabilities from unknown mods.
If the administrator already understands this security notice, disable the notice with: /csc notice whitelistid off
Control mod id whitelist mode: /csc mode whitelistid on|off
Open config/CSC/config.toml for more detailed configuration.
2026-07-18 18:52:02 [INFO] CSC close completely, thanks for using!
2026-07-18 20:06:32 [INFO] CSC is loading...   Success！
2026-07-18 20:06:51 [INFO]    _____  _____  _____ 
2026-07-18 20:06:51 [INFO]   / ____|/ ____|/ ____|
2026-07-18 20:06:51 [INFO]  | |    | (___ | |        [CSC] Version: v1.21.27
2026-07-18 20:06:51 [INFO]  | |     \___ \| |        Minecraft Version: 1.21.1 neoforge
2026-07-18 20:06:51 [INFO]  | |____ ____) | |____    Problem/Feedback: Discord: https://discord.gg/rQV5JPauY7
2026-07-18 20:06:51 [INFO]   \_____|_____/ \_____|
2026-07-18 20:06:51 [INFO]                        
2026-07-18 20:06:51 [INFO] Security notice: Mod id whitelist mode is enabled. This feature restricts printing blocks from mods outside the whitelist to reduce the risk of blueprint vulnerabilities from unknown mods.
If the administrator already understands this security notice, disable the notice with: /csc notice whitelistid off
Control mod id whitelist mode: /csc mode whitelistid on|off
Open config/CSC/config.toml for more detailed configuration.
2026-07-18 20:58:22 [INFO] CSC close completely, thanks for using!
2026-07-18 21:04:10 [INFO] CSC is loading...   Success！
2026-07-18 21:04:30 [INFO]    _____  _____  _____ 
2026-07-18 21:04:30 [INFO]   / ____|/ ____|/ ____|
2026-07-18 21:04:30 [INFO]  | |    | (___ | |        [CSC] Version: v1.21.27
2026-07-18 21:04:30 [INFO]  | |     \___ \| |        Minecraft Version: 1.21.1 neoforge
2026-07-18 21:04:30 [INFO]  | |____ ____) | |____    Problem/Feedback: Discord: https://discord.gg/rQV5JPauY7
2026-07-18 21:04:30 [INFO]   \_____|_____/ \_____|
2026-07-18 21:04:30 [INFO]                        
2026-07-18 21:04:30 [INFO] Security notice: Mod id whitelist mode is enabled. This feature restricts printing blocks from mods outside the whitelist to reduce the risk of blueprint vulnerabilities from unknown mods.
If the administrator already understands this security notice, disable the notice with: /csc notice whitelistid off
Control mod id whitelist mode: /csc mode whitelistid on|off
Open config/CSC/config.toml for more detailed configuration.
2026-07-18 21:23:02 [INFO] CSC close completely, thanks for using!
2026-07-18 21:30:08 [INFO] CSC is loading...   Success！
2026-07-18 21:35:28 [INFO] CSC is loading...   Success！
2026-07-18 21:35:48 [INFO]    _____  _____  _____ 
2026-07-18 21:35:48 [INFO]   / ____|/ ____|/ ____|
2026-07-18 21:35:48 [INFO]  | |    | (___ | |        [CSC] Version: v1.21.27
2026-07-18 21:35:48 [INFO]  | |     \___ \| |        Minecraft Version: 1.21.1 neoforge
2026-07-18 21:35:48 [INFO]  | |____ ____) | |____    Problem/Feedback: Discord: https://discord.gg/rQV5JPauY7
2026-07-18 21:35:48 [INFO]   \_____|_____/ \_____|
2026-07-18 21:35:48 [INFO]                        
2026-07-18 21:35:48 [INFO] Security notice: Mod id whitelist mode is enabled. This feature restricts printing blocks from mods outside the whitelist to reduce the risk of blueprint vulnerabilities from unknown mods.
If the administrator already understands this security notice, disable the notice with: /csc notice whitelistid off
Control mod id whitelist mode: /csc mode whitelistid on|off
Open config/CSC/config.toml for more detailed configuration.
2026-07-18 21:37:49 [INFO] CSC close completely, thanks for using!
2026-07-18 21:39:07 [INFO] CSC is loading...   Success！
2026-07-18 21:39:26 [INFO]    _____  _____  _____ 
2026-07-18 21:39:26 [INFO]   / ____|/ ____|/ ____|
2026-07-18 21:39:26 [INFO]  | |    | (___ | |        [CSC] Version: v1.21.27
2026-07-18 21:39:26 [INFO]  | |     \___ \| |        Minecraft Version: 1.21.1 neoforge
2026-07-18 21:39:26 [INFO]  | |____ ____) | |____    Problem/Feedback: Discord: https://discord.gg/rQV5JPauY7
2026-07-18 21:39:26 [INFO]   \_____|_____/ \_____|
2026-07-18 21:39:26 [INFO]                        
2026-07-18 21:39:26 [INFO] Security notice: Mod id whitelist mode is enabled. This feature restricts printing blocks from mods outside the whitelist to reduce the risk of blueprint vulnerabilities from unknown mods.
If the administrator already understands this security notice, disable the notice with: /csc notice whitelistid off
Control mod id whitelist mode: /csc mode whitelistid on|off
Open config/CSC/config.toml for more detailed configuration.
2026-07-18 21:40:01 [INFO] CSC close completely, thanks for using!
2026-07-18 21:43:09 [INFO] CSC is loading...   Success！
2026-07-18 21:43:29 [INFO]    _____  _____  _____ 
2026-07-18 21:43:29 [INFO]   / ____|/ ____|/ ____|
2026-07-18 21:43:29 [INFO]  | |    | (___ | |        [CSC] Version: v1.21.27
2026-07-18 21:43:29 [INFO]  | |     \___ \| |        Minecraft Version: 1.21.1 neoforge
2026-07-18 21:43:29 [INFO]  | |____ ____) | |____    Problem/Feedback: Discord: https://discord.gg/rQV5JPauY7
2026-07-18 21:43:29 [INFO]   \_____|_____/ \_____|
2026-07-18 21:43:29 [INFO]                        
2026-07-18 21:43:29 [INFO] Security notice: Mod id whitelist mode is enabled. This feature restricts printing blocks from mods outside the whitelist to reduce the risk of blueprint vulnerabilities from unknown mods.
If the administrator already understands this security notice, disable the notice with: /csc notice whitelistid off
Control mod id whitelist mode: /csc mode whitelistid on|off
Open config/CSC/config.toml for more detailed configuration.
2026-07-18 22:36:52 [INFO] CSC close completely, thanks for using!
2026-07-18 22:56:07 [INFO] CSC is loading...   Success！
2026-07-18 22:56:26 [INFO]    _____  _____  _____ 
2026-07-18 22:56:26 [INFO]   / ____|/ ____|/ ____|
2026-07-18 22:56:26 [INFO]  | |    | (___ | |        [CSC] Version: v1.21.27
2026-07-18 22:56:26 [INFO]  | |     \___ \| |        Minecraft Version: 1.21.1 neoforge
2026-07-18 22:56:26 [INFO]  | |____ ____) | |____    Problem/Feedback: Discord: https://discord.gg/rQV5JPauY7
2026-07-18 22:56:26 [INFO]   \_____|_____/ \_____|
2026-07-18 22:56:26 [INFO]                        
2026-07-18 22:56:26 [INFO] Security notice: Mod id whitelist mode is enabled. This feature restricts printing blocks from mods outside the whitelist to reduce the risk of blueprint vulnerabilities from unknown mods.
If the administrator already understands this security notice, disable the notice with: /csc notice whitelistid off
Control mod id whitelist mode: /csc mode whitelistid on|off
Open config/CSC/config.toml for more detailed configuration.
2026-07-19 00:34:12 [INFO] CSC close completely, thanks for using!
2026-07-19 00:40:09 [INFO] CSC is loading...   Success！
2026-07-19 00:40:29 [INFO]    _____  _____  _____ 
2026-07-19 00:40:29 [INFO]   / ____|/ ____|/ ____|
2026-07-19 00:40:29 [INFO]  | |    | (___ | |        [CSC] Version: v1.21.27
2026-07-19 00:40:29 [INFO]  | |     \___ \| |        Minecraft Version: 1.21.1 neoforge
2026-07-19 00:40:29 [INFO]  | |____ ____) | |____    Problem/Feedback: Discord: https://discord.gg/rQV5JPauY7
2026-07-19 00:40:29 [INFO]   \_____|_____/ \_____|
2026-07-19 00:40:29 [INFO]                        
2026-07-19 00:40:29 [INFO] Security notice: Mod id whitelist mode is enabled. This feature restricts printing blocks from mods outside the whitelist to reduce the risk of blueprint vulnerabilities from unknown mods.
If the administrator already understands this security notice, disable the notice with: /csc notice whitelistid off
Control mod id whitelist mode: /csc mode whitelistid on|off
Open config/CSC/config.toml for more detailed configuration.
2026-07-19 00:54:01 [INFO] CSC close completely, thanks for using!
2026-07-19 00:55:25 [INFO] CSC is loading...   Success！
2026-07-19 00:55:46 [INFO]    _____  _____  _____ 
2026-07-19 00:55:46 [INFO]   / ____|/ ____|/ ____|
2026-07-19 00:55:46 [INFO]  | |    | (___ | |        [CSC] Version: v1.21.27
2026-07-19 00:55:46 [INFO]  | |     \___ \| |        Minecraft Version: 1.21.1 neoforge
2026-07-19 00:55:46 [INFO]  | |____ ____) | |____    Problem/Feedback: Discord: https://discord.gg/rQV5JPauY7
2026-07-19 00:55:46 [INFO]   \_____|_____/ \_____|
2026-07-19 00:55:46 [INFO]                        
2026-07-19 00:55:46 [INFO] Security notice: Mod id whitelist mode is enabled. This feature restricts printing blocks from mods outside the whitelist to reduce the risk of blueprint vulnerabilities from unknown mods.
If the administrator already understands this security notice, disable the notice with: /csc notice whitelistid off
Control mod id whitelist mode: /csc mode whitelistid on|off
Open config/CSC/config.toml for more detailed configuration.
2026-07-19 01:34:18 [INFO] CSC close completely, thanks for using!
2026-07-19 02:12:06 [INFO] CSC is loading...   Success！
2026-07-19 02:12:29 [INFO]    _____  _____  _____ 
2026-07-19 02:12:29 [INFO]   / ____|/ ____|/ ____|
2026-07-19 02:12:29 [INFO]  | |    | (___ | |        [CSC] Version: v1.21.27
2026-07-19 02:12:29 [INFO]  | |     \___ \| |        Minecraft Version: 1.21.1 neoforge
2026-07-19 02:12:29 [INFO]  | |____ ____) | |____    Problem/Feedback: Discord: https://discord.gg/rQV5JPauY7
2026-07-19 02:12:29 [INFO]   \_____|_____/ \_____|
2026-07-19 02:12:29 [INFO]                        
2026-07-19 02:12:29 [INFO] Security notice: Mod id whitelist mode is enabled. This feature restricts printing blocks from mods outside the whitelist to reduce the risk of blueprint vulnerabilities from unknown mods.
If the administrator already understands this security notice, disable the notice with: /csc notice whitelistid off
Control mod id whitelist mode: /csc mode whitelistid on|off
Open config/CSC/config.toml for more detailed configuration.
2026-07-19 02:22:14 [INFO] CSC close completely, thanks for using!
2026-07-19 02:23:01 [INFO] CSC is loading...   Success！
2026-07-19 02:23:33 [INFO]    _____  _____  _____ 
2026-07-19 02:23:33 [INFO]   / ____|/ ____|/ ____|
2026-07-19 02:23:33 [INFO]  | |    | (___ | |        [CSC] Version: v1.21.27
2026-07-19 02:23:33 [INFO]  | |     \___ \| |        Minecraft Version: 1.21.1 neoforge
2026-07-19 02:23:33 [INFO]  | |____ ____) | |____    Problem/Feedback: Discord: https://discord.gg/rQV5JPauY7
2026-07-19 02:23:33 [INFO]   \_____|_____/ \_____|
2026-07-19 02:23:33 [INFO]                        
2026-07-19 02:23:33 [INFO] Security notice: Mod id whitelist mode is enabled. This feature restricts printing blocks from mods outside the whitelist to reduce the risk of blueprint vulnerabilities from unknown mods.
If the administrator already understands this security notice, disable the notice with: /csc notice whitelistid off
Control mod id whitelist mode: /csc mode whitelistid on|off
Open config/CSC/config.toml for more detailed configuration.
2026-07-19 02:32:41 [INFO] CSC close completely, thanks for using!
2026-07-19 02:33:44 [INFO] CSC is loading...   Success！
2026-07-19 02:34:13 [INFO]    _____  _____  _____ 
2026-07-19 02:34:13 [INFO]   / ____|/ ____|/ ____|
2026-07-19 02:34:13 [INFO]  | |    | (___ | |        [CSC] Version: v1.21.27
2026-07-19 02:34:13 [INFO]  | |     \___ \| |        Minecraft Version: 1.21.1 neoforge
2026-07-19 02:34:13 [INFO]  | |____ ____) | |____    Problem/Feedback: Discord: https://discord.gg/rQV5JPauY7
2026-07-19 02:34:13 [INFO]   \_____|_____/ \_____|
2026-07-19 02:34:13 [INFO]                        
2026-07-19 02:34:13 [INFO] Security notice: Mod id whitelist mode is enabled. This feature restricts printing blocks from mods outside the whitelist to reduce the risk of blueprint vulnerabilities from unknown mods.
If the administrator already understands this security notice, disable the notice with: /csc notice whitelistid off
Control mod id whitelist mode: /csc mode whitelistid on|off
Open config/CSC/config.toml for more detailed configuration.
2026-07-19 08:26:56 [INFO] CSC is loading...   Success！
2026-07-19 08:27:18 [INFO]    _____  _____  _____ 
2026-07-19 08:27:18 [INFO]   / ____|/ ____|/ ____|
2026-07-19 08:27:18 [INFO]  | |    | (___ | |        [CSC] Version: v1.21.27
2026-07-19 08:27:18 [INFO]  | |     \___ \| |        Minecraft Version: 1.21.1 neoforge
2026-07-19 08:27:18 [INFO]  | |____ ____) | |____    Problem/Feedback: Discord: https://discord.gg/rQV5JPauY7
2026-07-19 08:27:18 [INFO]   \_____|_____/ \_____|
2026-07-19 08:27:18 [INFO]                        
2026-07-19 08:27:18 [INFO] Security notice: Mod id whitelist mode is enabled. This feature restricts printing blocks from mods outside the whitelist to reduce the risk of blueprint vulnerabilities from unknown mods.
If the administrator already understands this security notice, disable the notice with: /csc notice whitelistid off
Control mod id whitelist mode: /csc mode whitelistid on|off
Open config/CSC/config.toml for more detailed configuration.
2026-07-19 08:52:59 [INFO] CSC close completely, thanks for using!
2026-07-19 08:53:43 [INFO] CSC is loading...   Success！
2026-07-19 08:54:04 [INFO]    _____  _____  _____ 
2026-07-19 08:54:04 [INFO]   / ____|/ ____|/ ____|
2026-07-19 08:54:04 [INFO]  | |    | (___ | |        [CSC] Version: v1.21.27
2026-07-19 08:54:04 [INFO]  | |     \___ \| |        Minecraft Version: 1.21.1 neoforge
2026-07-19 08:54:04 [INFO]  | |____ ____) | |____    Problem/Feedback: Discord: https://discord.gg/rQV5JPauY7
2026-07-19 08:54:04 [INFO]   \_____|_____/ \_____|
2026-07-19 08:54:04 [INFO]                        
2026-07-19 08:54:04 [INFO] Security notice: Mod id whitelist mode is enabled. This feature restricts printing blocks from mods outside the whitelist to reduce the risk of blueprint vulnerabilities from unknown mods.
If the administrator already understands this security notice, disable the notice with: /csc notice whitelistid off
Control mod id whitelist mode: /csc mode whitelistid on|off
Open config/CSC/config.toml for more detailed configuration.
2026-07-19 18:33:37 [INFO] CSC close completely, thanks for using!
2026-07-19 21:56:24 [INFO] CSC is loading...   Success！
2026-07-19 21:56:50 [INFO]    _____  _____  _____ 
2026-07-19 21:56:50 [INFO]   / ____|/ ____|/ ____|
2026-07-19 21:56:50 [INFO]  | |    | (___ | |        [CSC] Version: v1.21.27
2026-07-19 21:56:50 [INFO]  | |     \___ \| |        Minecraft Version: 1.21.1 neoforge
2026-07-19 21:56:50 [INFO]  | |____ ____) | |____    Problem/Feedback: Discord: https://discord.gg/rQV5JPauY7
2026-07-19 21:56:50 [INFO]   \_____|_____/ \_____|
2026-07-19 21:56:50 [INFO]                        
2026-07-19 21:56:50 [INFO] Security notice: Mod id whitelist mode is enabled. This feature restricts printing blocks from mods outside the whitelist to reduce the risk of blueprint vulnerabilities from unknown mods.
If the administrator already understands this security notice, disable the notice with: /csc notice whitelistid off
Control mod id whitelist mode: /csc mode whitelistid on|off
Open config/CSC/config.toml for more detailed configuration.
2026-07-19 21:58:08 [INFO] CSC close completely, thanks for using!
2026-07-19 21:59:33 [INFO] CSC is loading...   Success！
2026-07-19 21:59:55 [INFO]    _____  _____  _____ 
2026-07-19 21:59:55 [INFO]   / ____|/ ____|/ ____|
2026-07-19 21:59:55 [INFO]  | |    | (___ | |        [CSC] Version: v1.21.27
2026-07-19 21:59:55 [INFO]  | |     \___ \| |        Minecraft Version: 1.21.1 neoforge
2026-07-19 21:59:55 [INFO]  | |____ ____) | |____    Problem/Feedback: Discord: https://discord.gg/rQV5JPauY7
2026-07-19 21:59:55 [INFO]   \_____|_____/ \_____|
2026-07-19 21:59:55 [INFO]                        
2026-07-19 21:59:55 [INFO] Security notice: Mod id whitelist mode is enabled. This feature restricts printing blocks from mods outside the whitelist to reduce the risk of blueprint vulnerabilities from unknown mods.
If the administrator already understands this security notice, disable the notice with: /csc notice whitelistid off
Control mod id whitelist mode: /csc mode whitelistid on|off
Open config/CSC/config.toml for more detailed configuration.
2026-07-19 22:46:03 [INFO] CSC close completely, thanks for using!
2026-07-19 22:51:50 [INFO] CSC is loading...   Success！
2026-07-19 22:52:14 [INFO]    _____  _____  _____ 
2026-07-19 22:52:14 [INFO]   / ____|/ ____|/ ____|
2026-07-19 22:52:14 [INFO]  | |    | (___ | |        [CSC] Version: v1.21.27
2026-07-19 22:52:14 [INFO]  | |     \___ \| |        Minecraft Version: 1.21.1 neoforge
2026-07-19 22:52:14 [INFO]  | |____ ____) | |____    Problem/Feedback: Discord: https://discord.gg/rQV5JPauY7
2026-07-19 22:52:14 [INFO]   \_____|_____/ \_____|
2026-07-19 22:52:14 [INFO]                        
2026-07-19 22:52:14 [INFO] Security notice: Mod id whitelist mode is enabled. This feature restricts printing blocks from mods outside the whitelist to reduce the risk of blueprint vulnerabilities from unknown mods.
If the administrator already understands this security notice, disable the notice with: /csc notice whitelistid off
Control mod id whitelist mode: /csc mode whitelistid on|off
Open config/CSC/config.toml for more detailed configuration.
2026-07-19 22:54:25 [INFO] CSC close completely, thanks for using!
2026-07-19 22:55:08 [INFO] CSC is loading...   Success！
2026-07-19 22:55:33 [INFO]    _____  _____  _____ 
2026-07-19 22:55:33 [INFO]   / ____|/ ____|/ ____|
2026-07-19 22:55:33 [INFO]  | |    | (___ | |        [CSC] Version: v1.21.27
2026-07-19 22:55:33 [INFO]  | |     \___ \| |        Minecraft Version: 1.21.1 neoforge
2026-07-19 22:55:33 [INFO]  | |____ ____) | |____    Problem/Feedback: Discord: https://discord.gg/rQV5JPauY7
2026-07-19 22:55:33 [INFO]   \_____|_____/ \_____|
2026-07-19 22:55:33 [INFO]                        
2026-07-19 22:55:33 [INFO] Security notice: Mod id whitelist mode is enabled. This feature restricts printing blocks from mods outside the whitelist to reduce the risk of blueprint vulnerabilities from unknown mods.
If the administrator already understands this security notice, disable the notice with: /csc notice whitelistid off
Control mod id whitelist mode: /csc mode whitelistid on|off
Open config/CSC/config.toml for more detailed configuration.
2026-07-19 23:39:57 [INFO] CSC close completely, thanks for using!
2026-07-20 00:26:05 [INFO] CSC is loading...   Success！
2026-07-20 00:26:29 [INFO]    _____  _____  _____ 
2026-07-20 00:26:29 [INFO]   / ____|/ ____|/ ____|
2026-07-20 00:26:29 [INFO]  | |    | (___ | |        [CSC] Version: v1.21.27
2026-07-20 00:26:29 [INFO]  | |     \___ \| |        Minecraft Version: 1.21.1 neoforge
2026-07-20 00:26:29 [INFO]  | |____ ____) | |____    Problem/Feedback: Discord: https://discord.gg/rQV5JPauY7
2026-07-20 00:26:29 [INFO]   \_____|_____/ \_____|
2026-07-20 00:26:29 [INFO]                        
2026-07-20 00:26:29 [INFO] Security notice: Mod id whitelist mode is enabled. This feature restricts printing blocks from mods outside the whitelist to reduce the risk of blueprint vulnerabilities from unknown mods.
If the administrator already understands this security notice, disable the notice with: /csc notice whitelistid off
Control mod id whitelist mode: /csc mode whitelistid on|off
Open config/CSC/config.toml for more detailed configuration.
2026-07-20 00:35:17 [INFO] CSC close completely, thanks for using!
2026-07-20 00:40:02 [INFO] CSC is loading...   Success！
2026-07-20 00:40:26 [INFO]    _____  _____  _____ 
2026-07-20 00:40:26 [INFO]   / ____|/ ____|/ ____|
2026-07-20 00:40:26 [INFO]  | |    | (___ | |        [CSC] Version: v1.21.27
2026-07-20 00:40:26 [INFO]  | |     \___ \| |        Minecraft Version: 1.21.1 neoforge
2026-07-20 00:40:26 [INFO]  | |____ ____) | |____    Problem/Feedback: Discord: https://discord.gg/rQV5JPauY7
2026-07-20 00:40:26 [INFO]   \_____|_____/ \_____|
2026-07-20 00:40:26 [INFO]                        
2026-07-20 00:40:26 [INFO] Security notice: Mod id whitelist mode is enabled. This feature restricts printing blocks from mods outside the whitelist to reduce the risk of blueprint vulnerabilities from unknown mods.
If the administrator already understands this security notice, disable the notice with: /csc notice whitelistid off
Control mod id whitelist mode: /csc mode whitelistid on|off
Open config/CSC/config.toml for more detailed configuration.
2026-07-20 00:44:21 [INFO] CSC close completely, thanks for using!
2026-07-20 00:56:57 [INFO] CSC is loading...   Success！
2026-07-20 00:57:21 [INFO]    _____  _____  _____ 
2026-07-20 00:57:21 [INFO]   / ____|/ ____|/ ____|
2026-07-20 00:57:21 [INFO]  | |    | (___ | |        [CSC] Version: v1.21.27
2026-07-20 00:57:21 [INFO]  | |     \___ \| |        Minecraft Version: 1.21.1 neoforge
2026-07-20 00:57:21 [INFO]  | |____ ____) | |____    Problem/Feedback: Discord: https://discord.gg/rQV5JPauY7
2026-07-20 00:57:21 [INFO]   \_____|_____/ \_____|
2026-07-20 00:57:21 [INFO]                        
2026-07-20 00:57:21 [INFO] Security notice: Mod id whitelist mode is enabled. This feature restricts printing blocks from mods outside the whitelist to reduce the risk of blueprint vulnerabilities from unknown mods.
If the administrator already understands this security notice, disable the notice with: /csc notice whitelistid off
Control mod id whitelist mode: /csc mode whitelistid on|off
Open config/CSC/config.toml for more detailed configuration.
2026-07-20 01:44:55 [INFO] CSC close completely, thanks for using!
2026-07-20 01:54:57 [INFO] CSC is loading...   Success！
2026-07-20 01:55:20 [INFO]    _____  _____  _____ 
2026-07-20 01:55:20 [INFO]   / ____|/ ____|/ ____|
2026-07-20 01:55:20 [INFO]  | |    | (___ | |        [CSC] Version: v1.21.27
2026-07-20 01:55:20 [INFO]  | |     \___ \| |        Minecraft Version: 1.21.1 neoforge
2026-07-20 01:55:20 [INFO]  | |____ ____) | |____    Problem/Feedback: Discord: https://discord.gg/rQV5JPauY7
2026-07-20 01:55:20 [INFO]   \_____|_____/ \_____|
2026-07-20 01:55:20 [INFO]                        
2026-07-20 01:55:20 [INFO] Security notice: Mod id whitelist mode is enabled. This feature restricts printing blocks from mods outside the whitelist to reduce the risk of blueprint vulnerabilities from unknown mods.
If the administrator already understands this security notice, disable the notice with: /csc notice whitelistid off
Control mod id whitelist mode: /csc mode whitelistid on|off
Open config/CSC/config.toml for more detailed configuration.
2026-07-20 01:56:42 [INFO] CSC close completely, thanks for using!
2026-07-20 01:59:43 [INFO] CSC is loading...   Success！
2026-07-20 02:00:06 [INFO]    _____  _____  _____ 
2026-07-20 02:00:06 [INFO]   / ____|/ ____|/ ____|
2026-07-20 02:00:06 [INFO]  | |    | (___ | |        [CSC] Version: v1.21.27
2026-07-20 02:00:06 [INFO]  | |     \___ \| |        Minecraft Version: 1.21.1 neoforge
2026-07-20 02:00:06 [INFO]  | |____ ____) | |____    Problem/Feedback: Discord: https://discord.gg/rQV5JPauY7
2026-07-20 02:00:06 [INFO]   \_____|_____/ \_____|
2026-07-20 02:00:06 [INFO]                        
2026-07-20 02:00:06 [INFO] Security notice: Mod id whitelist mode is enabled. This feature restricts printing blocks from mods outside the whitelist to reduce the risk of blueprint vulnerabilities from unknown mods.
If the administrator already understands this security notice, disable the notice with: /csc notice whitelistid off
Control mod id whitelist mode: /csc mode whitelistid on|off
Open config/CSC/config.toml for more detailed configuration.
2026-07-20 07:38:00 [INFO] CSC close completely, thanks for using!
2026-07-20 07:50:01 [INFO] CSC is loading...   Success！
2026-07-20 07:50:25 [INFO]    _____  _____  _____ 
2026-07-20 07:50:25 [INFO]   / ____|/ ____|/ ____|
2026-07-20 07:50:25 [INFO]  | |    | (___ | |        [CSC] Version: v1.21.27
2026-07-20 07:50:25 [INFO]  | |     \___ \| |        Minecraft Version: 1.21.1 neoforge
2026-07-20 07:50:25 [INFO]  | |____ ____) | |____    Problem/Feedback: Discord: https://discord.gg/rQV5JPauY7
2026-07-20 07:50:25 [INFO]   \_____|_____/ \_____|
2026-07-20 07:50:25 [INFO]                        
2026-07-20 07:50:25 [INFO] Security notice: Mod id whitelist mode is enabled. This feature restricts printing blocks from mods outside the whitelist to reduce the risk of blueprint vulnerabilities from unknown mods.
If the administrator already understands this security notice, disable the notice with: /csc notice whitelistid off
Control mod id whitelist mode: /csc mode whitelistid on|off
Open config/CSC/config.toml for more detailed configuration.
2026-07-20 08:09:35 [INFO] CSC close completely, thanks for using!
2026-07-20 08:21:12 [INFO] CSC is loading...   Success！
2026-07-20 08:21:34 [INFO]    _____  _____  _____ 
2026-07-20 08:21:34 [INFO]   / ____|/ ____|/ ____|
2026-07-20 08:21:34 [INFO]  | |    | (___ | |        [CSC] Version: v1.21.27
2026-07-20 08:21:34 [INFO]  | |     \___ \| |        Minecraft Version: 1.21.1 neoforge
2026-07-20 08:21:34 [INFO]  | |____ ____) | |____    Problem/Feedback: Discord: https://discord.gg/rQV5JPauY7
2026-07-20 08:21:34 [INFO]   \_____|_____/ \_____|
2026-07-20 08:21:34 [INFO]                        
2026-07-20 08:21:34 [INFO] Security notice: Mod id whitelist mode is enabled. This feature restricts printing blocks from mods outside the whitelist to reduce the risk of blueprint vulnerabilities from unknown mods.
If the administrator already understands this security notice, disable the notice with: /csc notice whitelistid off
Control mod id whitelist mode: /csc mode whitelistid on|off
Open config/CSC/config.toml for more detailed configuration.
2026-07-20 08:30:55 [INFO] CSC close completely, thanks for using!
2026-07-20 08:33:35 [INFO] CSC is loading...   Success！
2026-07-20 08:33:57 [INFO]    _____  _____  _____ 
2026-07-20 08:33:57 [INFO]   / ____|/ ____|/ ____|
2026-07-20 08:33:57 [INFO]  | |    | (___ | |        [CSC] Version: v1.21.27
2026-07-20 08:33:57 [INFO]  | |     \___ \| |        Minecraft Version: 1.21.1 neoforge
2026-07-20 08:33:57 [INFO]  | |____ ____) | |____    Problem/Feedback: Discord: https://discord.gg/rQV5JPauY7
2026-07-20 08:33:57 [INFO]   \_____|_____/ \_____|
2026-07-20 08:33:57 [INFO]                        
2026-07-20 08:33:57 [INFO] Security notice: Mod id whitelist mode is enabled. This feature restricts printing blocks from mods outside the whitelist to reduce the risk of blueprint vulnerabilities from unknown mods.
If the administrator already understands this security notice, disable the notice with: /csc notice whitelistid off
Control mod id whitelist mode: /csc mode whitelistid on|off
Open config/CSC/config.toml for more detailed configuration.
2026-07-20 15:20:37 [INFO] CSC close completely, thanks for using!
2026-07-20 15:50:42 [INFO] CSC is loading...   Success！
2026-07-20 15:51:06 [INFO]    _____  _____  _____ 
2026-07-20 15:51:06 [INFO]   / ____|/ ____|/ ____|
2026-07-20 15:51:06 [INFO]  | |    | (___ | |        [CSC] Version: v1.21.27
2026-07-20 15:51:06 [INFO]  | |     \___ \| |        Minecraft Version: 1.21.1 neoforge
2026-07-20 15:51:06 [INFO]  | |____ ____) | |____    Problem/Feedback: Discord: https://discord.gg/rQV5JPauY7
2026-07-20 15:51:06 [INFO]   \_____|_____/ \_____|
2026-07-20 15:51:06 [INFO]                        
2026-07-20 15:51:06 [INFO] Security notice: Mod id whitelist mode is enabled. This feature restricts printing blocks from mods outside the whitelist to reduce the risk of blueprint vulnerabilities from unknown mods.
If the administrator already understands this security notice, disable the notice with: /csc notice whitelistid off
Control mod id whitelist mode: /csc mode whitelistid on|off
Open config/CSC/config.toml for more detailed configuration.
2026-07-20 15:55:51 [INFO] CSC close completely, thanks for using!
2026-07-21 17:03:10 [INFO] CSC is loading...   Success！
2026-07-21 17:03:36 [INFO]    _____  _____  _____ 
2026-07-21 17:03:36 [INFO]   / ____|/ ____|/ ____|
2026-07-21 17:03:36 [INFO]  | |    | (___ | |        [CSC] Version: v1.21.27
2026-07-21 17:03:36 [INFO]  | |     \___ \| |        Minecraft Version: 1.21.1 neoforge
2026-07-21 17:03:36 [INFO]  | |____ ____) | |____    Problem/Feedback: Discord: https://discord.gg/rQV5JPauY7
2026-07-21 17:03:36 [INFO]   \_____|_____/ \_____|
2026-07-21 17:03:36 [INFO]                        
2026-07-21 17:03:36 [INFO] Security notice: Mod id whitelist mode is enabled. This feature restricts printing blocks from mods outside the whitelist to reduce the risk of blueprint vulnerabilities from unknown mods.
If the administrator already understands this security notice, disable the notice with: /csc notice whitelistid off
Control mod id whitelist mode: /csc mode whitelistid on|off
Open config/CSC/config.toml for more detailed configuration.
2026-07-21 17:14:43 [INFO] CSC close completely, thanks for using!
2026-07-21 17:18:31 [INFO] CSC is loading...   Success！
2026-07-21 17:19:02 [INFO]    _____  _____  _____ 
2026-07-21 17:19:02 [INFO]   / ____|/ ____|/ ____|
2026-07-21 17:19:02 [INFO]  | |    | (___ | |        [CSC] Version: v1.21.27
2026-07-21 17:19:02 [INFO]  | |     \___ \| |        Minecraft Version: 1.21.1 neoforge
2026-07-21 17:19:02 [INFO]  | |____ ____) | |____    Problem/Feedback: Discord: https://discord.gg/rQV5JPauY7
2026-07-21 17:19:02 [INFO]   \_____|_____/ \_____|
2026-07-21 17:19:02 [INFO]                        
2026-07-21 17:19:02 [INFO] Security notice: Mod id whitelist mode is enabled. This feature restricts printing blocks from mods outside the whitelist to reduce the risk of blueprint vulnerabilities from unknown mods.
If the administrator already understands this security notice, disable the notice with: /csc notice whitelistid off
Control mod id whitelist mode: /csc mode whitelistid on|off
Open config/CSC/config.toml for more detailed configuration.
2026-07-21 17:22:53 [INFO] CSC close completely, thanks for using!
2026-07-21 17:23:58 [INFO] CSC is loading...   Success！
2026-07-21 17:24:30 [INFO]    _____  _____  _____ 
2026-07-21 17:24:30 [INFO]   / ____|/ ____|/ ____|
2026-07-21 17:24:30 [INFO]  | |    | (___ | |        [CSC] Version: v1.21.27
2026-07-21 17:24:30 [INFO]  | |     \___ \| |        Minecraft Version: 1.21.1 neoforge
2026-07-21 17:24:30 [INFO]  | |____ ____) | |____    Problem/Feedback: Discord: https://discord.gg/rQV5JPauY7
2026-07-21 17:24:30 [INFO]   \_____|_____/ \_____|
2026-07-21 17:24:30 [INFO]                        
2026-07-21 17:24:30 [INFO] Security notice: Mod id whitelist mode is enabled. This feature restricts printing blocks from mods outside the whitelist to reduce the risk of blueprint vulnerabilities from unknown mods.
If the administrator already understands this security notice, disable the notice with: /csc notice whitelistid off
Control mod id whitelist mode: /csc mode whitelistid on|off
Open config/CSC/config.toml for more detailed configuration.
2026-07-21 17:29:28 [INFO] CSC close completely, thanks for using!
2026-07-21 19:22:24 [INFO] CSC is loading...   Success！
2026-07-21 19:22:48 [INFO]    _____  _____  _____ 
2026-07-21 19:22:48 [INFO]   / ____|/ ____|/ ____|
2026-07-21 19:22:48 [INFO]  | |    | (___ | |        [CSC] Version: v1.21.27
2026-07-21 19:22:48 [INFO]  | |     \___ \| |        Minecraft Version: 1.21.1 neoforge
2026-07-21 19:22:48 [INFO]  | |____ ____) | |____    Problem/Feedback: Discord: https://discord.gg/rQV5JPauY7
2026-07-21 19:22:48 [INFO]   \_____|_____/ \_____|
2026-07-21 19:22:48 [INFO]                        
2026-07-21 19:22:48 [INFO] Security notice: Mod id whitelist mode is enabled. This feature restricts printing blocks from mods outside the whitelist to reduce the risk of blueprint vulnerabilities from unknown mods.
If the administrator already understands this security notice, disable the notice with: /csc notice whitelistid off
Control mod id whitelist mode: /csc mode whitelistid on|off
Open config/CSC/config.toml for more detailed configuration.
2026-07-21 19:30:40 [INFO] CSC close completely, thanks for using!
2026-07-21 21:17:52 [INFO] CSC is loading...   Success！
2026-07-21 21:18:17 [INFO]    _____  _____  _____ 
2026-07-21 21:18:17 [INFO]   / ____|/ ____|/ ____|
2026-07-21 21:18:17 [INFO]  | |    | (___ | |        [CSC] Version: v1.21.27
2026-07-21 21:18:17 [INFO]  | |     \___ \| |        Minecraft Version: 1.21.1 neoforge
2026-07-21 21:18:17 [INFO]  | |____ ____) | |____    Problem/Feedback: Discord: https://discord.gg/rQV5JPauY7
2026-07-21 21:18:17 [INFO]   \_____|_____/ \_____|
2026-07-21 21:18:17 [INFO]                        
2026-07-21 21:18:17 [INFO] Security notice: Mod id whitelist mode is enabled. This feature restricts printing blocks from mods outside the whitelist to reduce the risk of blueprint vulnerabilities from unknown mods.
If the administrator already understands this security notice, disable the notice with: /csc notice whitelistid off
Control mod id whitelist mode: /csc mode whitelistid on|off
Open config/CSC/config.toml for more detailed configuration.
2026-07-21 22:53:20 [INFO] CSC is loading...   Success！
2026-07-21 22:53:46 [INFO]    _____  _____  _____ 
2026-07-21 22:53:46 [INFO]   / ____|/ ____|/ ____|
2026-07-21 22:53:46 [INFO]  | |    | (___ | |        [CSC] Version: v1.21.27
2026-07-21 22:53:46 [INFO]  | |     \___ \| |        Minecraft Version: 1.21.1 neoforge
2026-07-21 22:53:46 [INFO]  | |____ ____) | |____    Problem/Feedback: Discord: https://discord.gg/rQV5JPauY7
2026-07-21 22:53:46 [INFO]   \_____|_____/ \_____|
2026-07-21 22:53:46 [INFO]                        
2026-07-21 22:53:46 [INFO] Security notice: Mod id whitelist mode is enabled. This feature restricts printing blocks from mods outside the whitelist to reduce the risk of blueprint vulnerabilities from unknown mods.
If the administrator already understands this security notice, disable the notice with: /csc notice whitelistid off
Control mod id whitelist mode: /csc mode whitelistid on|off
Open config/CSC/config.toml for more detailed configuration.
2026-07-21 23:02:35 [INFO] CSC is loading...   Success！
2026-07-21 23:02:55 [INFO]    _____  _____  _____ 
2026-07-21 23:02:55 [INFO]   / ____|/ ____|/ ____|
2026-07-21 23:02:55 [INFO]  | |    | (___ | |        [CSC] Version: v1.21.27
2026-07-21 23:02:55 [INFO]  | |     \___ \| |        Minecraft Version: 1.21.1 neoforge
2026-07-21 23:02:55 [INFO]  | |____ ____) | |____    Problem/Feedback: Discord: https://discord.gg/rQV5JPauY7
2026-07-21 23:02:55 [INFO]   \_____|_____/ \_____|
2026-07-21 23:02:55 [INFO]                        
2026-07-21 23:02:55 [INFO] Security notice: Mod id whitelist mode is enabled. This feature restricts printing blocks from mods outside the whitelist to reduce the risk of blueprint vulnerabilities from unknown mods.
If the administrator already understands this security notice, disable the notice with: /csc notice whitelistid off
Control mod id whitelist mode: /csc mode whitelistid on|off
Open config/CSC/config.toml for more detailed configuration.
2026-07-21 23:10:05 [INFO] CSC is loading...   Success！
2026-07-21 23:10:22 [INFO]    _____  _____  _____ 
2026-07-21 23:10:22 [INFO]   / ____|/ ____|/ ____|
2026-07-21 23:10:22 [INFO]  | |    | (___ | |        [CSC] Version: v1.21.27
2026-07-21 23:10:22 [INFO]  | |     \___ \| |        Minecraft Version: 1.21.1 neoforge
2026-07-21 23:10:22 [INFO]  | |____ ____) | |____    Problem/Feedback: Discord: https://discord.gg/rQV5JPauY7
2026-07-21 23:10:22 [INFO]   \_____|_____/ \_____|
2026-07-21 23:10:22 [INFO]                        
2026-07-21 23:10:22 [INFO] Security notice: Mod id whitelist mode is enabled. This feature restricts printing blocks from mods outside the whitelist to reduce the risk of blueprint vulnerabilities from unknown mods.
If the administrator already understands this security notice, disable the notice with: /csc notice whitelistid off
Control mod id whitelist mode: /csc mode whitelistid on|off
Open config/CSC/config.toml for more detailed configuration.
2026-07-21 23:20:39 [INFO] CSC close completely, thanks for using!
2026-07-21 23:27:18 [INFO] CSC is loading...   Success！
2026-07-21 23:27:36 [INFO]    _____  _____  _____ 
2026-07-21 23:27:36 [INFO]   / ____|/ ____|/ ____|
2026-07-21 23:27:36 [INFO]  | |    | (___ | |        [CSC] Version: v1.21.27
2026-07-21 23:27:36 [INFO]  | |     \___ \| |        Minecraft Version: 1.21.1 neoforge
2026-07-21 23:27:36 [INFO]  | |____ ____) | |____    Problem/Feedback: Discord: https://discord.gg/rQV5JPauY7
2026-07-21 23:27:36 [INFO]   \_____|_____/ \_____|
2026-07-21 23:27:36 [INFO]                        
2026-07-21 23:27:36 [INFO] Security notice: Mod id whitelist mode is enabled. This feature restricts printing blocks from mods outside the whitelist to reduce the risk of blueprint vulnerabilities from unknown mods.
If the administrator already understands this security notice, disable the notice with: /csc notice whitelistid off
Control mod id whitelist mode: /csc mode whitelistid on|off
Open config/CSC/config.toml for more detailed configuration.
2026-07-22 00:19:10 [INFO] CSC close completely, thanks for using!
2026-07-22 23:54:13 [INFO] CSC is loading...   Success！
2026-07-22 23:54:32 [INFO]    _____  _____  _____ 
2026-07-22 23:54:32 [INFO]   / ____|/ ____|/ ____|
2026-07-22 23:54:32 [INFO]  | |    | (___ | |        [CSC] Version: v1.21.27
2026-07-22 23:54:32 [INFO]  | |     \___ \| |        Minecraft Version: 1.21.1 neoforge
2026-07-22 23:54:32 [INFO]  | |____ ____) | |____    Problem/Feedback: Discord: https://discord.gg/rQV5JPauY7
2026-07-22 23:54:32 [INFO]   \_____|_____/ \_____|
2026-07-22 23:54:32 [INFO]                        
2026-07-22 23:54:32 [INFO] Security notice: Mod id whitelist mode is enabled. This feature restricts printing blocks from mods outside the whitelist to reduce the risk of blueprint vulnerabilities from unknown mods.
If the administrator already understands this security notice, disable the notice with: /csc notice whitelistid off
Control mod id whitelist mode: /csc mode whitelistid on|off
Open config/CSC/config.toml for more detailed configuration.
2026-07-23 01:05:40 [INFO] CSC close completely, thanks for using!
2026-07-23 01:17:13 [INFO] CSC is loading...   Success！
2026-07-23 01:17:32 [INFO]    _____  _____  _____ 
2026-07-23 01:17:32 [INFO]   / ____|/ ____|/ ____|
2026-07-23 01:17:32 [INFO]  | |    | (___ | |        [CSC] Version: v1.21.27
2026-07-23 01:17:32 [INFO]  | |     \___ \| |        Minecraft Version: 1.21.1 neoforge
2026-07-23 01:17:32 [INFO]  | |____ ____) | |____    Problem/Feedback: Discord: https://discord.gg/rQV5JPauY7
2026-07-23 01:17:32 [INFO]   \_____|_____/ \_____|
2026-07-23 01:17:32 [INFO]                        
2026-07-23 01:17:32 [INFO] Security notice: Mod id whitelist mode is enabled. This feature restricts printing blocks from mods outside the whitelist to reduce the risk of blueprint vulnerabilities from unknown mods.
If the administrator already understands this security notice, disable the notice with: /csc notice whitelistid off
Control mod id whitelist mode: /csc mode whitelistid on|off
Open config/CSC/config.toml for more detailed configuration.
2026-07-23 01:36:20 [INFO] CSC close completely, thanks for using!
2026-07-23 01:37:11 [INFO] CSC is loading...   Success！
2026-07-23 01:37:30 [INFO]    _____  _____  _____ 
2026-07-23 01:37:30 [INFO]   / ____|/ ____|/ ____|
2026-07-23 01:37:30 [INFO]  | |    | (___ | |        [CSC] Version: v1.21.27
2026-07-23 01:37:30 [INFO]  | |     \___ \| |        Minecraft Version: 1.21.1 neoforge
2026-07-23 01:37:30 [INFO]  | |____ ____) | |____    Problem/Feedback: Discord: https://discord.gg/rQV5JPauY7
2026-07-23 01:37:30 [INFO]   \_____|_____/ \_____|
2026-07-23 01:37:30 [INFO]                        
2026-07-23 01:37:30 [INFO] Security notice: Mod id whitelist mode is enabled. This feature restricts printing blocks from mods outside the whitelist to reduce the risk of blueprint vulnerabilities from unknown mods.
If the administrator already understands this security notice, disable the notice with: /csc notice whitelistid off
Control mod id whitelist mode: /csc mode whitelistid on|off
Open config/CSC/config.toml for more detailed configuration.
2026-07-23 01:38:48 [INFO] CSC close completely, thanks for using!
2026-07-23 01:40:11 [INFO] CSC is loading...   Success！
2026-07-23 01:40:29 [INFO]    _____  _____  _____ 
2026-07-23 01:40:29 [INFO]   / ____|/ ____|/ ____|
2026-07-23 01:40:29 [INFO]  | |    | (___ | |        [CSC] Version: v1.21.27
2026-07-23 01:40:29 [INFO]  | |     \___ \| |        Minecraft Version: 1.21.1 neoforge
2026-07-23 01:40:29 [INFO]  | |____ ____) | |____    Problem/Feedback: Discord: https://discord.gg/rQV5JPauY7
2026-07-23 01:40:29 [INFO]   \_____|_____/ \_____|
2026-07-23 01:40:29 [INFO]                        
2026-07-23 01:40:29 [INFO] Security notice: Mod id whitelist mode is enabled. This feature restricts printing blocks from mods outside the whitelist to reduce the risk of blueprint vulnerabilities from unknown mods.
If the administrator already understands this security notice, disable the notice with: /csc notice whitelistid off
Control mod id whitelist mode: /csc mode whitelistid on|off
Open config/CSC/config.toml for more detailed configuration.
2026-07-23 02:26:57 [INFO] CSC close completely, thanks for using!
2026-07-23 20:01:33 [INFO] CSC is loading...   Success！
2026-07-23 20:01:57 [INFO]    _____  _____  _____ 
2026-07-23 20:01:57 [INFO]   / ____|/ ____|/ ____|
2026-07-23 20:01:57 [INFO]  | |    | (___ | |        [CSC] Version: v1.21.27
2026-07-23 20:01:57 [INFO]  | |     \___ \| |        Minecraft Version: 1.21.1 neoforge
2026-07-23 20:01:57 [INFO]  | |____ ____) | |____    Problem/Feedback: Discord: https://discord.gg/rQV5JPauY7
2026-07-23 20:01:57 [INFO]   \_____|_____/ \_____|
2026-07-23 20:01:57 [INFO]                        
2026-07-23 20:01:57 [INFO] Security notice: Mod id whitelist mode is enabled. This feature restricts printing blocks from mods outside the whitelist to reduce the risk of blueprint vulnerabilities from unknown mods.
If the administrator already understands this security notice, disable the notice with: /csc notice whitelistid off
Control mod id whitelist mode: /csc mode whitelistid on|off
Open config/CSC/config.toml for more detailed configuration.
2026-07-23 22:11:35 [INFO] CSC close completely, thanks for using!
2026-07-23 22:14:11 [INFO] CSC is loading...   Success！
2026-07-23 22:14:30 [INFO]    _____  _____  _____ 
2026-07-23 22:14:30 [INFO]   / ____|/ ____|/ ____|
2026-07-23 22:14:30 [INFO]  | |    | (___ | |        [CSC] Version: v1.21.27
2026-07-23 22:14:30 [INFO]  | |     \___ \| |        Minecraft Version: 1.21.1 neoforge
2026-07-23 22:14:30 [INFO]  | |____ ____) | |____    Problem/Feedback: Discord: https://discord.gg/rQV5JPauY7
2026-07-23 22:14:30 [INFO]   \_____|_____/ \_____|
2026-07-23 22:14:30 [INFO]                        
2026-07-23 22:14:30 [INFO] Security notice: Mod id whitelist mode is enabled. This feature restricts printing blocks from mods outside the whitelist to reduce the risk of blueprint vulnerabilities from unknown mods.
If the administrator already understands this security notice, disable the notice with: /csc notice whitelistid off
Control mod id whitelist mode: /csc mode whitelistid on|off
Open config/CSC/config.toml for more detailed configuration.
2026-07-23 22:15:36 [INFO] CSC close completely, thanks for using!
2026-07-23 22:17:50 [INFO] CSC is loading...   Success！
2026-07-23 22:18:09 [INFO]    _____  _____  _____ 
2026-07-23 22:18:09 [INFO]   / ____|/ ____|/ ____|
2026-07-23 22:18:09 [INFO]  | |    | (___ | |        [CSC] Version: v1.21.27
2026-07-23 22:18:09 [INFO]  | |     \___ \| |        Minecraft Version: 1.21.1 neoforge
2026-07-23 22:18:09 [INFO]  | |____ ____) | |____    Problem/Feedback: Discord: https://discord.gg/rQV5JPauY7
2026-07-23 22:18:09 [INFO]   \_____|_____/ \_____|
2026-07-23 22:18:09 [INFO]                        
2026-07-23 22:18:09 [INFO] Security notice: Mod id whitelist mode is enabled. This feature restricts printing blocks from mods outside the whitelist to reduce the risk of blueprint vulnerabilities from unknown mods.
If the administrator already understands this security notice, disable the notice with: /csc notice whitelistid off
Control mod id whitelist mode: /csc mode whitelistid on|off
Open config/CSC/config.toml for more detailed configuration.
2026-07-23 23:10:31 [INFO] CSC close completely, thanks for using!
2026-07-23 23:16:50 [INFO] CSC is loading...   Success！
2026-07-23 23:17:09 [INFO]    _____  _____  _____ 
2026-07-23 23:17:09 [INFO]   / ____|/ ____|/ ____|
2026-07-23 23:17:09 [INFO]  | |    | (___ | |        [CSC] Version: v1.21.27
2026-07-23 23:17:09 [INFO]  | |     \___ \| |        Minecraft Version: 1.21.1 neoforge
2026-07-23 23:17:09 [INFO]  | |____ ____) | |____    Problem/Feedback: Discord: https://discord.gg/rQV5JPauY7
2026-07-23 23:17:09 [INFO]   \_____|_____/ \_____|
2026-07-23 23:17:09 [INFO]                        
2026-07-23 23:17:09 [INFO] Security notice: Mod id whitelist mode is enabled. This feature restricts printing blocks from mods outside the whitelist to reduce the risk of blueprint vulnerabilities from unknown mods.
If the administrator already understands this security notice, disable the notice with: /csc notice whitelistid off
Control mod id whitelist mode: /csc mode whitelistid on|off
Open config/CSC/config.toml for more detailed configuration.
2026-07-23 23:30:26 [INFO] CSC close completely, thanks for using!
2026-07-23 23:31:29 [INFO] CSC is loading...   Success！
2026-07-23 23:31:47 [INFO]    _____  _____  _____ 
2026-07-23 23:31:47 [INFO]   / ____|/ ____|/ ____|
2026-07-23 23:31:47 [INFO]  | |    | (___ | |        [CSC] Version: v1.21.27
2026-07-23 23:31:47 [INFO]  | |     \___ \| |        Minecraft Version: 1.21.1 neoforge
2026-07-23 23:31:47 [INFO]  | |____ ____) | |____    Problem/Feedback: Discord: https://discord.gg/rQV5JPauY7
2026-07-23 23:31:47 [INFO]   \_____|_____/ \_____|
2026-07-23 23:31:47 [INFO]                        
2026-07-23 23:31:47 [INFO] Security notice: Mod id whitelist mode is enabled. This feature restricts printing blocks from mods outside the whitelist to reduce the risk of blueprint vulnerabilities from unknown mods.
If the administrator already understands this security notice, disable the notice with: /csc notice whitelistid off
Control mod id whitelist mode: /csc mode whitelistid on|off
Open config/CSC/config.toml for more detailed configuration.
2026-07-23 23:57:55 [INFO] CSC close completely, thanks for using!
2026-07-24 00:04:48 [INFO] CSC is loading...   Success！
2026-07-24 00:05:12 [INFO]    _____  _____  _____ 
2026-07-24 00:05:12 [INFO]   / ____|/ ____|/ ____|
2026-07-24 00:05:12 [INFO]  | |    | (___ | |        [CSC] Version: v1.21.27
2026-07-24 00:05:12 [INFO]  | |     \___ \| |        Minecraft Version: 1.21.1 neoforge
2026-07-24 00:05:12 [INFO]  | |____ ____) | |____    Problem/Feedback: Discord: https://discord.gg/rQV5JPauY7
2026-07-24 00:05:12 [INFO]   \_____|_____/ \_____|
2026-07-24 00:05:12 [INFO]                        
2026-07-24 00:05:12 [INFO] Security notice: Mod id whitelist mode is enabled. This feature restricts printing blocks from mods outside the whitelist to reduce the risk of blueprint vulnerabilities from unknown mods.
If the administrator already understands this security notice, disable the notice with: /csc notice whitelistid off
Control mod id whitelist mode: /csc mode whitelistid on|off
Open config/CSC/config.toml for more detailed configuration.
2026-07-24 01:00:32 [INFO] CSC close completely, thanks for using!
2026-07-24 01:01:15 [INFO] CSC is loading...   Success！
2026-07-24 01:01:33 [INFO]    _____  _____  _____ 
2026-07-24 01:01:33 [INFO]   / ____|/ ____|/ ____|
2026-07-24 01:01:33 [INFO]  | |    | (___ | |        [CSC] Version: v1.21.27
2026-07-24 01:01:33 [INFO]  | |     \___ \| |        Minecraft Version: 1.21.1 neoforge
2026-07-24 01:01:33 [INFO]  | |____ ____) | |____    Problem/Feedback: Discord: https://discord.gg/rQV5JPauY7
2026-07-24 01:01:33 [INFO]   \_____|_____/ \_____|
2026-07-24 01:01:33 [INFO]                        
2026-07-24 01:01:33 [INFO] Security notice: Mod id whitelist mode is enabled. This feature restricts printing blocks from mods outside the whitelist to reduce the risk of blueprint vulnerabilities from unknown mods.
If the administrator already understands this security notice, disable the notice with: /csc notice whitelistid off
Control mod id whitelist mode: /csc mode whitelistid on|off
Open config/CSC/config.toml for more detailed configuration.
2026-07-24 01:10:57 [INFO] CSC close completely, thanks for using!
2026-07-24 08:48:25 [INFO] CSC is loading...   Success！
2026-07-24 08:48:42 [INFO]    _____  _____  _____ 
2026-07-24 08:48:42 [INFO]   / ____|/ ____|/ ____|
2026-07-24 08:48:42 [INFO]  | |    | (___ | |        [CSC] Version: v1.21.27
2026-07-24 08:48:42 [INFO]  | |     \___ \| |        Minecraft Version: 1.21.1 neoforge
2026-07-24 08:48:42 [INFO]  | |____ ____) | |____    Problem/Feedback: Discord: https://discord.gg/rQV5JPauY7
2026-07-24 08:48:42 [INFO]   \_____|_____/ \_____|
2026-07-24 08:48:42 [INFO]                        
2026-07-24 08:48:42 [INFO] Security notice: Mod id whitelist mode is enabled. This feature restricts printing blocks from mods outside the whitelist to reduce the risk of blueprint vulnerabilities from unknown mods.
If the administrator already understands this security notice, disable the notice with: /csc notice whitelistid off
Control mod id whitelist mode: /csc mode whitelistid on|off
Open config/CSC/config.toml for more detailed configuration.
2026-07-24 09:07:06 [INFO] CSC close completely, thanks for using!
2026-07-24 09:19:55 [INFO] CSC is loading...   Success！
2026-07-24 09:20:19 [INFO]    _____  _____  _____ 
2026-07-24 09:20:19 [INFO]   / ____|/ ____|/ ____|
2026-07-24 09:20:19 [INFO]  | |    | (___ | |        [CSC] Version: v1.21.27
2026-07-24 09:20:19 [INFO]  | |     \___ \| |        Minecraft Version: 1.21.1 neoforge
2026-07-24 09:20:19 [INFO]  | |____ ____) | |____    Problem/Feedback: Discord: https://discord.gg/rQV5JPauY7
2026-07-24 09:20:19 [INFO]   \_____|_____/ \_____|
2026-07-24 09:20:19 [INFO]                        
2026-07-24 09:20:19 [INFO] Security notice: Mod id whitelist mode is enabled. This feature restricts printing blocks from mods outside the whitelist to reduce the risk of blueprint vulnerabilities from unknown mods.
If the administrator already understands this security notice, disable the notice with: /csc notice whitelistid off
Control mod id whitelist mode: /csc mode whitelistid on|off
Open config/CSC/config.toml for more detailed configuration.
2026-07-24 09:21:04 [INFO] CSC close completely, thanks for using!
2026-07-24 17:29:14 [INFO] CSC is loading...   Success！
2026-07-24 17:29:35 [INFO]    _____  _____  _____ 
2026-07-24 17:29:35 [INFO]   / ____|/ ____|/ ____|
2026-07-24 17:29:35 [INFO]  | |    | (___ | |        [CSC] Version: v1.21.27
2026-07-24 17:29:35 [INFO]  | |     \___ \| |        Minecraft Version: 1.21.1 neoforge
2026-07-24 17:29:35 [INFO]  | |____ ____) | |____    Problem/Feedback: Discord: https://discord.gg/rQV5JPauY7
2026-07-24 17:29:35 [INFO]   \_____|_____/ \_____|
2026-07-24 17:29:35 [INFO]                        
2026-07-24 17:29:35 [INFO] Security notice: Mod id whitelist mode is enabled. This feature restricts printing blocks from mods outside the whitelist to reduce the risk of blueprint vulnerabilities from unknown mods.
If the administrator already understands this security notice, disable the notice with: /csc notice whitelistid off
Control mod id whitelist mode: /csc mode whitelistid on|off
Open config/CSC/config.toml for more detailed configuration.
2026-07-24 19:35:01 [INFO] CSC close completely, thanks for using!
2026-07-24 20:30:42 [INFO] CSC is loading...   Success！
2026-07-24 20:31:07 [INFO]    _____  _____  _____ 
2026-07-24 20:31:07 [INFO]   / ____|/ ____|/ ____|
2026-07-24 20:31:07 [INFO]  | |    | (___ | |        [CSC] Version: v1.21.27
2026-07-24 20:31:07 [INFO]  | |     \___ \| |        Minecraft Version: 1.21.1 neoforge
2026-07-24 20:31:07 [INFO]  | |____ ____) | |____    Problem/Feedback: Discord: https://discord.gg/rQV5JPauY7
2026-07-24 20:31:07 [INFO]   \_____|_____/ \_____|
2026-07-24 20:31:07 [INFO]                        
2026-07-24 20:31:07 [INFO] Security notice: Mod id whitelist mode is enabled. This feature restricts printing blocks from mods outside the whitelist to reduce the risk of blueprint vulnerabilities from unknown mods.
If the administrator already understands this security notice, disable the notice with: /csc notice whitelistid off
Control mod id whitelist mode: /csc mode whitelistid on|off
Open config/CSC/config.toml for more detailed configuration.
2026-07-25 00:19:05 [INFO] CSC close completely, thanks for using!
2026-07-25 00:35:50 [INFO] CSC is loading...   Success！
2026-07-25 00:36:10 [INFO]    _____  _____  _____ 
2026-07-25 00:36:10 [INFO]   / ____|/ ____|/ ____|
2026-07-25 00:36:10 [INFO]  | |    | (___ | |        [CSC] Version: v1.21.27
2026-07-25 00:36:10 [INFO]  | |     \___ \| |        Minecraft Version: 1.21.1 neoforge
2026-07-25 00:36:10 [INFO]  | |____ ____) | |____    Problem/Feedback: Discord: https://discord.gg/rQV5JPauY7
2026-07-25 00:36:10 [INFO]   \_____|_____/ \_____|
2026-07-25 00:36:10 [INFO]                        
2026-07-25 00:36:10 [INFO] Security notice: Mod id whitelist mode is enabled. This feature restricts printing blocks from mods outside the whitelist to reduce the risk of blueprint vulnerabilities from unknown mods.
If the administrator already understands this security notice, disable the notice with: /csc notice whitelistid off
Control mod id whitelist mode: /csc mode whitelistid on|off
Open config/CSC/config.toml for more detailed configuration.
2026-07-25 01:05:01 [INFO] CSC close completely, thanks for using!
2026-07-26 20:30:38 [INFO] CSC is loading...   Success！
2026-07-26 20:30:58 [INFO]    _____  _____  _____ 
2026-07-26 20:30:58 [INFO]   / ____|/ ____|/ ____|
2026-07-26 20:30:58 [INFO]  | |    | (___ | |        [CSC] Version: v1.21.27
2026-07-26 20:30:58 [INFO]  | |     \___ \| |        Minecraft Version: 1.21.1 neoforge
2026-07-26 20:30:58 [INFO]  | |____ ____) | |____    Problem/Feedback: Discord: https://discord.gg/rQV5JPauY7
2026-07-26 20:30:58 [INFO]   \_____|_____/ \_____|
2026-07-26 20:30:58 [INFO]                        
2026-07-26 20:30:58 [INFO] Security notice: Mod id whitelist mode is enabled. This feature restricts printing blocks from mods outside the whitelist to reduce the risk of blueprint vulnerabilities from unknown mods.
If the administrator already understands this security notice, disable the notice with: /csc notice whitelistid off
Control mod id whitelist mode: /csc mode whitelistid on|off
Open config/CSC/config.toml for more detailed configuration.
2026-07-27 00:51:46 [INFO] CSC close completely, thanks for using!
2026-07-27 19:48:22 [INFO] CSC is loading...   Success！
2026-07-27 19:48:50 [INFO]    _____  _____  _____ 
2026-07-27 19:48:50 [INFO]   / ____|/ ____|/ ____|
2026-07-27 19:48:50 [INFO]  | |    | (___ | |        [CSC] Version: v1.21.27
2026-07-27 19:48:50 [INFO]  | |     \___ \| |        Minecraft Version: 1.21.1 neoforge
2026-07-27 19:48:50 [INFO]  | |____ ____) | |____    Problem/Feedback: Discord: https://discord.gg/rQV5JPauY7
2026-07-27 19:48:50 [INFO]   \_____|_____/ \_____|
2026-07-27 19:48:50 [INFO]                        
2026-07-27 19:48:50 [INFO] Security notice: Mod id whitelist mode is enabled. This feature restricts printing blocks from mods outside the whitelist to reduce the risk of blueprint vulnerabilities from unknown mods.
If the administrator already understands this security notice, disable the notice with: /csc notice whitelistid off
Control mod id whitelist mode: /csc mode whitelistid on|off
Open config/CSC/config.toml for more detailed configuration.
2026-07-27 19:59:00 [INFO] CSC is loading...   Success！
2026-07-27 19:59:22 [INFO]    _____  _____  _____ 
2026-07-27 19:59:22 [INFO]   / ____|/ ____|/ ____|
2026-07-27 19:59:22 [INFO]  | |    | (___ | |        [CSC] Version: v1.21.27
2026-07-27 19:59:22 [INFO]  | |     \___ \| |        Minecraft Version: 1.21.1 neoforge
2026-07-27 19:59:22 [INFO]  | |____ ____) | |____    Problem/Feedback: Discord: https://discord.gg/rQV5JPauY7
2026-07-27 19:59:22 [INFO]   \_____|_____/ \_____|
2026-07-27 19:59:22 [INFO]                        
2026-07-27 19:59:22 [INFO] Security notice: Mod id whitelist mode is enabled. This feature restricts printing blocks from mods outside the whitelist to reduce the risk of blueprint vulnerabilities from unknown mods.
If the administrator already understands this security notice, disable the notice with: /csc notice whitelistid off
Control mod id whitelist mode: /csc mode whitelistid on|off
Open config/CSC/config.toml for more detailed configuration.
2026-07-27 20:23:27 [INFO] CSC close completely, thanks for using!
2026-07-27 21:03:27 [INFO] CSC is loading...   Success！
2026-07-27 21:03:50 [INFO]    _____  _____  _____ 
2026-07-27 21:03:50 [INFO]   / ____|/ ____|/ ____|
2026-07-27 21:03:50 [INFO]  | |    | (___ | |        [CSC] Version: v1.21.27
2026-07-27 21:03:50 [INFO]  | |     \___ \| |        Minecraft Version: 1.21.1 neoforge
2026-07-27 21:03:50 [INFO]  | |____ ____) | |____    Problem/Feedback: Discord: https://discord.gg/rQV5JPauY7
2026-07-27 21:03:50 [INFO]   \_____|_____/ \_____|
2026-07-27 21:03:50 [INFO]                        
2026-07-27 21:03:50 [INFO] Security notice: Mod id whitelist mode is enabled. This feature restricts printing blocks from mods outside the whitelist to reduce the risk of blueprint vulnerabilities from unknown mods.
If the administrator already understands this security notice, disable the notice with: /csc notice whitelistid off
Control mod id whitelist mode: /csc mode whitelistid on|off
Open config/CSC/config.toml for more detailed configuration.
2026-07-27 21:57:09 [INFO] thread run！goal =》./schematics/uploaded/Kraka47/create_v6.0+_iron_production_unit_mk4.nbt
2026-07-27 21:57:09 [INFO] Meow, output schematic item list!
2026-07-27 21:57:09 [INFO] ID: create:basin, Count: 1
2026-07-27 21:57:09 [INFO] ID: create:package_frogport, Count: 3
2026-07-27 21:57:09 [INFO] ID: create:redstone_link, Count: 2
2026-07-27 21:57:09 [INFO] ID: create:crushing_wheel, Count: 2
2026-07-27 21:57:09 [INFO] ID: minecraft:barrel, Count: 3
2026-07-27 21:57:09 [INFO] ID: create:belt, Count: 5
2026-07-27 21:57:09 [INFO] ID: create:packager_link, Count: 2
2026-07-27 21:57:09 [INFO] ID: create:factory_panel, Count: 1
2026-07-27 21:57:09 [INFO] ID: create:chute, Count: 1
2026-07-27 21:57:09 [INFO] ID: create:depot, Count: 2
2026-07-27 21:57:09 [INFO] ID: create:gearbox, Count: 8
2026-07-27 21:57:09 [INFO] ID: create:content_observer, Count: 1
2026-07-27 21:57:09 [INFO] ID: minecraft:lava, Count: 1
2026-07-27 21:57:09 [INFO] ID: create:encased_shaft, Count: 7
2026-07-27 21:57:09 [INFO] ID: create:encased_fan, Count: 1
2026-07-27 21:57:09 [INFO] ID: create:andesite_funnel, Count: 1
2026-07-27 21:57:09 [INFO] ID: create:crushing_wheel_controller, Count: 1
2026-07-27 21:57:09 [INFO] ID: create:packager, Count: 3
2026-07-27 21:57:09 [INFO] ID: create:brass_funnel, Count: 4
2026-07-27 21:57:09 [INFO] ID: minecraft:chest, Count: 2
2026-07-27 21:57:09 [INFO] ID: create:encased_cogwheel, Count: 4
2026-07-27 21:57:09 [INFO] ID: create:mechanical_press, Count: 1
2026-07-27 21:57:09 [INFO] ID: create:andesite_belt_funnel, Count: 2
2026-07-27 21:57:09 [INFO] ID: create:copycat, Count: 2
2026-07-27 21:57:09 [INFO] bibi~ scan success time consume：71 ms
2026-07-27 21:58:54 [INFO] thread run！goal =》./schematics/uploaded/Kraka47/create_v6.0+_iron_production_unit_mk4.nbt
2026-07-27 21:58:54 [INFO] Meow, output schematic item list!
2026-07-27 21:58:54 [INFO] ID: create:basin, Count: 1
2026-07-27 21:58:54 [INFO] ID: create:package_frogport, Count: 3
2026-07-27 21:58:54 [INFO] ID: create:redstone_link, Count: 2
2026-07-27 21:58:54 [INFO] ID: create:crushing_wheel, Count: 2
2026-07-27 21:58:54 [INFO] ID: minecraft:barrel, Count: 3
2026-07-27 21:58:54 [INFO] ID: create:belt, Count: 5
2026-07-27 21:58:54 [INFO] ID: create:packager_link, Count: 2
2026-07-27 21:58:54 [INFO] ID: create:factory_panel, Count: 1
2026-07-27 21:58:54 [INFO] ID: create:chute, Count: 1
2026-07-27 21:58:54 [INFO] ID: create:depot, Count: 2
2026-07-27 21:58:54 [INFO] ID: create:gearbox, Count: 8
2026-07-27 21:58:54 [INFO] ID: create:content_observer, Count: 1
2026-07-27 21:58:54 [INFO] ID: minecraft:lava, Count: 1
2026-07-27 21:58:54 [INFO] ID: create:encased_shaft, Count: 7
2026-07-27 21:58:54 [INFO] ID: create:encased_fan, Count: 1
2026-07-27 21:58:54 [INFO] ID: create:andesite_funnel, Count: 1
2026-07-27 21:58:54 [INFO] ID: create:crushing_wheel_controller, Count: 1
2026-07-27 21:58:54 [INFO] ID: create:packager, Count: 3
2026-07-27 21:58:54 [INFO] ID: create:brass_funnel, Count: 4
2026-07-27 21:58:54 [INFO] ID: minecraft:chest, Count: 2
2026-07-27 21:58:54 [INFO] ID: create:encased_cogwheel, Count: 4
2026-07-27 21:58:54 [INFO] ID: create:mechanical_press, Count: 1
2026-07-27 21:58:54 [INFO] ID: create:andesite_belt_funnel, Count: 2
2026-07-27 21:58:54 [INFO] ID: create:copycat, Count: 2
2026-07-27 21:58:54 [INFO] bibi~ scan success time consume：24 ms
2026-07-27 22:11:22 [INFO] thread run！goal =》./schematics/uploaded/Kraka47/create_v6.0+_iron_production_unit_mk4.nbt
2026-07-27 22:11:22 [INFO] Meow, output schematic item list!
2026-07-27 22:11:22 [INFO] ID: create:basin, Count: 1
2026-07-27 22:11:22 [INFO] ID: create:package_frogport, Count: 3
2026-07-27 22:11:22 [INFO] ID: create:redstone_link, Count: 2
2026-07-27 22:11:22 [INFO] ID: create:crushing_wheel, Count: 2
2026-07-27 22:11:22 [INFO] ID: minecraft:barrel, Count: 3
2026-07-27 22:11:22 [INFO] ID: create:belt, Count: 5
2026-07-27 22:11:22 [INFO] ID: create:packager_link, Count: 2
2026-07-27 22:11:22 [INFO] ID: create:factory_panel, Count: 1
2026-07-27 22:11:22 [INFO] ID: create:chute, Count: 1
2026-07-27 22:11:22 [INFO] ID: create:depot, Count: 2
2026-07-27 22:11:22 [INFO] ID: create:gearbox, Count: 8
2026-07-27 22:11:22 [INFO] ID: create:content_observer, Count: 1
2026-07-27 22:11:22 [INFO] ID: minecraft:lava, Count: 1
2026-07-27 22:11:22 [INFO] ID: create:encased_shaft, Count: 7
2026-07-27 22:11:22 [INFO] ID: create:encased_fan, Count: 1
2026-07-27 22:11:22 [INFO] ID: create:andesite_funnel, Count: 1
2026-07-27 22:11:22 [INFO] ID: create:crushing_wheel_controller, Count: 1
2026-07-27 22:11:22 [INFO] ID: create:packager, Count: 3
2026-07-27 22:11:22 [INFO] ID: create:brass_funnel, Count: 4
2026-07-27 22:11:22 [INFO] ID: minecraft:chest, Count: 2
2026-07-27 22:11:22 [INFO] ID: create:encased_cogwheel, Count: 4
2026-07-27 22:11:22 [INFO] ID: create:mechanical_press, Count: 1
2026-07-27 22:11:22 [INFO] ID: create:andesite_belt_funnel, Count: 2
2026-07-27 22:11:22 [INFO] ID: create:copycat, Count: 2
2026-07-27 22:11:22 [INFO] bibi~ scan success time consume：21 ms
2026-07-27 23:19:11 [INFO] thread run！goal =》./schematics/uploaded/Kraka47/create_v6.0+_advanced_cobblestone_gen_baseplate_mk5.nbt
2026-07-27 23:19:11 [INFO] Meow, output schematic item list!
2026-07-27 23:19:11 [INFO] ID: create:sail_frame, Count: 9
2026-07-27 23:19:11 [INFO] ID: create:mechanical_pump, Count: 9
2026-07-27 23:19:11 [INFO] ID: create:andesite_casing, Count: 2
2026-07-27 23:19:11 [INFO] ID: minecraft:barrel, Count: 10
2026-07-27 23:19:11 [INFO] ID: create:portable_storage_interface, Count: 2
2026-07-27 23:19:11 [INFO] ID: create:encased_shaft, Count: 3
2026-07-27 23:19:11 [INFO] ID: create:fluid_pipe, Count: 8
2026-07-27 23:19:11 [INFO] ID: create:item_drain, Count: 1
2026-07-27 23:19:11 [INFO] ID: create:smart_chute, Count: 1
2026-07-27 23:19:11 [INFO] ID: create:stockpile_switch, Count: 1
2026-07-27 23:19:11 [INFO] ID: create:andesite_funnel, Count: 9
2026-07-27 23:19:11 [INFO] ID: create:encased_cogwheel, Count: 1
2026-07-27 23:19:11 [INFO] ID: create:cart_assembler, Count: 1
2026-07-27 23:19:11 [INFO] bibi~ scan success time consume：27 ms
2026-07-28 00:09:45 [INFO] CSC close completely, thanks for using!
2026-07-28 19:56:38 [INFO] CSC is loading...   Success！
2026-07-28 19:57:01 [INFO]    _____  _____  _____ 
2026-07-28 19:57:01 [INFO]   / ____|/ ____|/ ____|
2026-07-28 19:57:01 [INFO]  | |    | (___ | |        [CSC] Version: v1.21.27
2026-07-28 19:57:01 [INFO]  | |     \___ \| |        Minecraft Version: 1.21.1 neoforge
2026-07-28 19:57:01 [INFO]  | |____ ____) | |____    Problem/Feedback: Discord: https://discord.gg/rQV5JPauY7
2026-07-28 19:57:01 [INFO]   \_____|_____/ \_____|
2026-07-28 19:57:01 [INFO]                        
2026-07-28 19:57:01 [INFO] Security notice: Mod id whitelist mode is enabled. This feature restricts printing blocks from mods outside the whitelist to reduce the risk of blueprint vulnerabilities from unknown mods.
If the administrator already understands this security notice, disable the notice with: /csc notice whitelistid off
Control mod id whitelist mode: /csc mode whitelistid on|off
Open config/CSC/config.toml for more detailed configuration.
2026-07-28 21:02:12 [INFO] CSC close completely, thanks for using!
2026-07-28 21:03:51 [INFO] CSC is loading...   Success！
2026-07-28 21:04:14 [INFO]    _____  _____  _____ 
2026-07-28 21:04:14 [INFO]   / ____|/ ____|/ ____|
2026-07-28 21:04:14 [INFO]  | |    | (___ | |        [CSC] Version: v1.21.27
2026-07-28 21:04:14 [INFO]  | |     \___ \| |        Minecraft Version: 1.21.1 neoforge
2026-07-28 21:04:14 [INFO]  | |____ ____) | |____    Problem/Feedback: Discord: https://discord.gg/rQV5JPauY7
2026-07-28 21:04:14 [INFO]   \_____|_____/ \_____|
2026-07-28 21:04:14 [INFO]                        
2026-07-28 21:04:14 [INFO] Security notice: Mod id whitelist mode is enabled. This feature restricts printing blocks from mods outside the whitelist to reduce the risk of blueprint vulnerabilities from unknown mods.
If the administrator already understands this security notice, disable the notice with: /csc notice whitelistid off
Control mod id whitelist mode: /csc mode whitelistid on|off
Open config/CSC/config.toml for more detailed configuration.
2026-07-29 20:37:17 [INFO] CSC is loading...   Success！
2026-07-29 20:37:40 [INFO]    _____  _____  _____ 
2026-07-29 20:37:40 [INFO]   / ____|/ ____|/ ____|
2026-07-29 20:37:40 [INFO]  | |    | (___ | |        [CSC] Version: v1.21.27
2026-07-29 20:37:40 [INFO]  | |     \___ \| |        Minecraft Version: 1.21.1 neoforge
2026-07-29 20:37:40 [INFO]  | |____ ____) | |____    Problem/Feedback: Discord: https://discord.gg/rQV5JPauY7
2026-07-29 20:37:40 [INFO]   \_____|_____/ \_____|
2026-07-29 20:37:40 [INFO]                        
2026-07-29 20:37:40 [INFO] Security notice: Mod id whitelist mode is enabled. This feature restricts printing blocks from mods outside the whitelist to reduce the risk of blueprint vulnerabilities from unknown mods.
If the administrator already understands this security notice, disable the notice with: /csc notice whitelistid off
Control mod id whitelist mode: /csc mode whitelistid on|off
Open config/CSC/config.toml for more detailed configuration.
2026-07-30 01:05:07 [INFO] CSC close completely, thanks for using!
2026-07-30 21:28:04 [INFO] CSC is loading...   Success！
2026-07-30 21:28:31 [INFO]    _____  _____  _____ 
2026-07-30 21:28:31 [INFO]   / ____|/ ____|/ ____|
2026-07-30 21:28:31 [INFO]  | |    | (___ | |        [CSC] Version: v1.21.27
2026-07-30 21:28:31 [INFO]  | |     \___ \| |        Minecraft Version: 1.21.1 neoforge
2026-07-30 21:28:31 [INFO]  | |____ ____) | |____    Problem/Feedback: Discord: https://discord.gg/rQV5JPauY7
2026-07-30 21:28:31 [INFO]   \_____|_____/ \_____|
2026-07-30 21:28:31 [INFO]                        
2026-07-30 21:28:31 [INFO] Security notice: Mod id whitelist mode is enabled. This feature restricts printing blocks from mods outside the whitelist to reduce the risk of blueprint vulnerabilities from unknown mods.
If the administrator already understands this security notice, disable the notice with: /csc notice whitelistid off
Control mod id whitelist mode: /csc mode whitelistid on|off
Open config/CSC/config.toml for more detailed configuration.
2026-07-30 22:48:48 [INFO] thread run！goal =》./schematics/uploaded/Kraka47/create_v6.0+_iron_production_unit_mk4.nbt
2026-07-30 22:48:48 [INFO] Meow, output schematic item list!
2026-07-30 22:48:48 [INFO] ID: create:basin, Count: 1
2026-07-30 22:48:48 [INFO] ID: create:package_frogport, Count: 3
2026-07-30 22:48:48 [INFO] ID: create:redstone_link, Count: 2
2026-07-30 22:48:48 [INFO] ID: create:crushing_wheel, Count: 2
2026-07-30 22:48:48 [INFO] ID: minecraft:barrel, Count: 3
2026-07-30 22:48:48 [INFO] ID: create:belt, Count: 5
2026-07-30 22:48:48 [INFO] ID: create:packager_link, Count: 2
2026-07-30 22:48:48 [INFO] ID: create:factory_panel, Count: 1
2026-07-30 22:48:48 [INFO] ID: create:chute, Count: 1
2026-07-30 22:48:48 [INFO] ID: create:depot, Count: 2
2026-07-30 22:48:48 [INFO] ID: create:gearbox, Count: 8
2026-07-30 22:48:48 [INFO] ID: create:content_observer, Count: 1
2026-07-30 22:48:48 [INFO] ID: minecraft:lava, Count: 1
2026-07-30 22:48:48 [INFO] ID: create:encased_shaft, Count: 7
2026-07-30 22:48:48 [INFO] ID: create:encased_fan, Count: 1
2026-07-30 22:48:48 [INFO] ID: create:andesite_funnel, Count: 1
2026-07-30 22:48:48 [INFO] ID: create:crushing_wheel_controller, Count: 1
2026-07-30 22:48:48 [INFO] ID: create:packager, Count: 3
2026-07-30 22:48:48 [INFO] ID: create:brass_funnel, Count: 4
2026-07-30 22:48:48 [INFO] ID: minecraft:chest, Count: 2
2026-07-30 22:48:48 [INFO] ID: create:encased_cogwheel, Count: 4
2026-07-30 22:48:48 [INFO] ID: create:mechanical_press, Count: 1
2026-07-30 22:48:48 [INFO] ID: create:andesite_belt_funnel, Count: 2
2026-07-30 22:48:48 [INFO] ID: create:copycat, Count: 2
2026-07-30 22:48:48 [INFO] bibi~ scan success time consume：104 ms
2026-07-30 22:51:39 [INFO] thread run！goal =》./schematics/uploaded/Kraka47/create_v6.0+_advanced_cobblestone_gen_baseplate_mk5.nbt
2026-07-30 22:51:39 [INFO] Meow, output schematic item list!
2026-07-30 22:51:39 [INFO] ID: create:sail_frame, Count: 9
2026-07-30 22:51:39 [INFO] ID: create:mechanical_pump, Count: 9
2026-07-30 22:51:39 [INFO] ID: create:andesite_casing, Count: 2
2026-07-30 22:51:39 [INFO] ID: minecraft:barrel, Count: 10
2026-07-30 22:51:39 [INFO] ID: create:portable_storage_interface, Count: 2
2026-07-30 22:51:39 [INFO] ID: create:encased_shaft, Count: 3
2026-07-30 22:51:39 [INFO] ID: create:fluid_pipe, Count: 8
2026-07-30 22:51:39 [INFO] ID: create:item_drain, Count: 1
2026-07-30 22:51:39 [INFO] ID: create:smart_chute, Count: 1
2026-07-30 22:51:39 [INFO] ID: create:stockpile_switch, Count: 1
2026-07-30 22:51:39 [INFO] ID: create:andesite_funnel, Count: 9
2026-07-30 22:51:39 [INFO] ID: create:encased_cogwheel, Count: 1
2026-07-30 22:51:39 [INFO] ID: create:cart_assembler, Count: 1
2026-07-30 22:51:39 [INFO] bibi~ scan success time consume：20 ms
2026-07-30 22:52:15 [INFO] thread run！goal =》./schematics/uploaded/Kraka47/create_v6.0+_iron_production_unit_mk4.nbt
2026-07-30 22:52:15 [INFO] Meow, output schematic item list!
2026-07-30 22:52:15 [INFO] ID: create:basin, Count: 1
2026-07-30 22:52:15 [INFO] ID: create:package_frogport, Count: 3
2026-07-30 22:52:15 [INFO] ID: create:redstone_link, Count: 2
2026-07-30 22:52:15 [INFO] ID: create:crushing_wheel, Count: 2
2026-07-30 22:52:15 [INFO] ID: minecraft:barrel, Count: 3
2026-07-30 22:52:15 [INFO] ID: create:belt, Count: 5
2026-07-30 22:52:15 [INFO] ID: create:packager_link, Count: 2
2026-07-30 22:52:15 [INFO] ID: create:factory_panel, Count: 1
2026-07-30 22:52:15 [INFO] ID: create:chute, Count: 1
2026-07-30 22:52:15 [INFO] ID: create:depot, Count: 2
2026-07-30 22:52:15 [INFO] ID: create:gearbox, Count: 8
2026-07-30 22:52:15 [INFO] ID: create:content_observer, Count: 1
2026-07-30 22:52:15 [INFO] ID: minecraft:lava, Count: 1
2026-07-30 22:52:15 [INFO] ID: create:encased_shaft, Count: 7
2026-07-30 22:52:15 [INFO] ID: create:encased_fan, Count: 1
2026-07-30 22:52:15 [INFO] ID: create:andesite_funnel, Count: 1
2026-07-30 22:52:15 [INFO] ID: create:crushing_wheel_controller, Count: 1
2026-07-30 22:52:15 [INFO] ID: create:packager, Count: 3
2026-07-30 22:52:15 [INFO] ID: create:brass_funnel, Count: 4
2026-07-30 22:52:15 [INFO] ID: minecraft:chest, Count: 2
2026-07-30 22:52:15 [INFO] ID: create:encased_cogwheel, Count: 4
2026-07-30 22:52:15 [INFO] ID: create:mechanical_press, Count: 1
2026-07-30 22:52:15 [INFO] ID: create:andesite_belt_funnel, Count: 2
2026-07-30 22:52:15 [INFO] ID: create:copycat, Count: 2
2026-07-30 22:52:15 [INFO] bibi~ scan success time consume：25 ms
2026-07-30 23:14:04 [INFO] thread run！goal =》./schematics/uploaded/Kraka47/blaze_cake_factory_with_power_0p2a0cgnuo.nbt
2026-07-30 23:14:05 [INFO] Meow, output schematic item list!
2026-07-30 23:14:05 [INFO] ID: create:spout, Count: 1
2026-07-30 23:14:05 [INFO] ID: create:mechanical_pump, Count: 2
2026-07-30 23:14:05 [INFO] ID: create:rotation_speed_controller, Count: 3
2026-07-30 23:14:05 [INFO] ID: create:item_vault, Count: 27
2026-07-30 23:14:05 [INFO] ID: create:mechanical_mixer, Count: 1
2026-07-30 23:14:05 [INFO] ID: create:veridium_pillar, Count: 4
2026-07-30 23:14:05 [INFO] ID: minecraft:warped_slab, Count: 199
2026-07-30 23:14:05 [INFO] ID: minecraft:large_fern, Count: 4
2026-07-30 23:14:05 [INFO] ID: minecraft:hopper, Count: 13
2026-07-30 23:14:05 [INFO] ID: minecraft:oak_stairs, Count: 2
2026-07-30 23:14:05 [INFO] ID: create:mechanical_press, Count: 1
2026-07-30 23:14:05 [INFO] ID: minecraft:bricks, Count: 1654
2026-07-30 23:14:05 [INFO] ID: minecraft:deepslate_tiles, Count: 62
2026-07-30 23:14:05 [INFO] ID: minecraft:spruce_fence, Count: 1
2026-07-30 23:14:05 [INFO] ID: minecraft:oak_leaves, Count: 53
2026-07-30 23:14:05 [INFO] ID: minecraft:lantern, Count: 39
2026-07-30 23:14:05 [INFO] ID: create:cut_andesite_brick_stairs, Count: 6
2026-07-30 23:14:05 [INFO] ID: minecraft:cobblestone_wall, Count: 1
2026-07-30 23:14:05 [INFO] ID: create:metal_girder, Count: 253
2026-07-30 23:14:05 [INFO] ID: minecraft:chain, Count: 1
2026-07-30 23:14:05 [INFO] ID: create:brass_funnel, Count: 1
2026-07-30 23:14:05 [INFO] ID: minecraft:wall_torch, Count: 15
2026-07-30 23:14:05 [INFO] ID: farmersdelight:rich_soil, Count: 45
2026-07-30 23:14:05 [INFO] ID: minecraft:warped_planks, Count: 103
2026-07-30 23:14:05 [INFO] ID: create:copycat, Count: 10
2026-07-30 23:14:05 [INFO] ID: create:cut_andesite_wall, Count: 2
2026-07-30 23:14:05 [INFO] ID: create:brass_belt_funnel, Count: 12
2026-07-30 23:14:05 [INFO] ID: create:belt, Count: 87
2026-07-30 23:14:05 [INFO] ID: create:gantry_shaft, Count: 12
2026-07-30 23:14:05 [INFO] ID: minecraft:brick_slab, Count: 28
2026-07-30 23:14:05 [INFO] ID: minecraft:spruce_stairs, Count: 2
2026-07-30 23:14:05 [INFO] ID: minecraft:oxidized_cut_copper_stairs, Count: 59
2026-07-30 23:14:05 [INFO] ID: create:blaze_heater, Count: 1
2026-07-30 23:14:05 [INFO] ID: create:fluid_pipe, Count: 15
2026-07-30 23:14:05 [INFO] ID: minecraft:spruce_slab, Count: 10
2026-07-30 23:14:05 [INFO] ID: minecraft:pink_tulip, Count: 4
2026-07-30 23:14:05 [INFO] ID: create:deployer, Count: 5
2026-07-30 23:14:05 [INFO] ID: minecraft:glowstone, Count: 4
2026-07-30 23:14:05 [INFO] ID: create:layered_deepslate, Count: 124
2026-07-30 23:14:05 [INFO] ID: create:vertical_framed_glass_pane, Count: 33
2026-07-30 23:14:05 [INFO] ID: create:vertical_framed_glass, Count: 49
2026-07-30 23:14:05 [INFO] ID: minecraft:peony, Count: 16
2026-07-30 23:14:05 [INFO] ID: create:gantry_pinion, Count: 1
2026-07-30 23:14:05 [INFO] ID: copycats:multistate_copycat, Count: 194
2026-07-30 23:14:05 [INFO] ID: minecraft:oxidized_cut_copper_slab, Count: 171
2026-07-30 23:14:05 [INFO] ID: create:fluid_tank, Count: 134
2026-07-30 23:14:05 [INFO] ID: create:tiled_glass_pane, Count: 98
2026-07-30 23:14:05 [INFO] ID: minecraft:flowering_azalea_leaves, Count: 37
2026-07-30 23:14:05 [INFO] ID: create:small_veridium_bricks, Count: 5
2026-07-30 23:14:05 [INFO] ID: minecraft:lava, Count: 2
2026-07-30 23:14:05 [INFO] ID: minecraft:deepslate_brick_slab, Count: 102
2026-07-30 23:14:05 [INFO] ID: minecraft:warped_door, Count: 6
2026-07-30 23:14:05 [INFO] ID: minecraft:chest, Count: 6
2026-07-30 23:14:05 [INFO] ID: create:sequenced_gearshift, Count: 1
2026-07-30 23:14:05 [INFO] ID: minecraft:stripped_warped_stem, Count: 132
2026-07-30 23:14:05 [INFO] ID: minecraft:allium, Count: 1
2026-07-30 23:14:05 [INFO] ID: create:tiled_glass, Count: 43
2026-07-30 23:14:05 [INFO] ID: minecraft:deepslate_bricks, Count: 236
2026-07-30 23:14:05 [INFO] ID: create:andesite_ladder, Count: 12
2026-07-30 23:14:05 [INFO] ID: minecraft:lever, Count: 3
2026-07-30 23:14:05 [INFO] ID: create:crushing_wheel, Count: 4
2026-07-30 23:14:05 [INFO] ID: create:andesite_scaffolding, Count: 1
2026-07-30 23:14:05 [INFO] ID: create:framed_glass, Count: 6
2026-07-30 23:14:05 [INFO] ID: minecraft:polished_granite, Count: 321
2026-07-30 23:14:05 [INFO] ID: minecraft:dispenser, Count: 1
2026-07-30 23:14:05 [INFO] ID: minecraft:waxed_copper_block, Count: 2
2026-07-30 23:14:05 [INFO] ID: minecraft:polished_deepslate, Count: 61
2026-07-30 23:14:05 [INFO] ID: minecraft:grass_block, Count: 318
2026-07-30 23:14:05 [INFO] ID: create:cut_granite_stairs, Count: 32
2026-07-30 23:14:05 [INFO] ID: minecraft:water, Count: 153
2026-07-30 23:14:05 [INFO] ID: minecraft:torch, Count: 2
2026-07-30 23:14:05 [INFO] ID: create:cut_granite_brick_stairs, Count: 58
2026-07-30 23:14:05 [INFO] ID: create:cut_granite_brick_slab, Count: 20
2026-07-30 23:14:05 [INFO] ID: create:clutch, Count: 2
2026-07-30 23:14:05 [INFO] ID: create:chassis, Count: 8
2026-07-30 23:14:05 [INFO] ID: minecraft:brick_stairs, Count: 68
2026-07-30 23:14:05 [INFO] ID: create:small_deepslate_brick_slab, Count: 2
2026-07-30 23:14:05 [INFO] ID: copycats:copycat, Count: 8
2026-07-30 23:14:05 [INFO] ID: create:drill, Count: 2
2026-07-30 23:14:05 [INFO] ID: minecraft:warped_stairs, Count: 68
2026-07-30 23:14:05 [INFO] ID: minecraft:azalea_leaves, Count: 37
2026-07-30 23:14:05 [INFO] ID: minecraft:polished_deepslate_stairs, Count: 99
2026-07-30 23:14:05 [INFO] ID: minecraft:barrel, Count: 24
2026-07-30 23:14:05 [INFO] ID: minecraft:polished_andesite_slab, Count: 3
2026-07-30 23:14:05 [INFO] ID: create:industrial_iron_block, Count: 319
2026-07-30 23:14:05 [INFO] ID: minecraft:cobblestone, Count: 2
2026-07-30 23:14:05 [INFO] ID: minecraft:warped_trapdoor, Count: 12
2026-07-30 23:14:05 [INFO] ID: minecraft:stripped_spruce_log, Count: 21
2026-07-30 23:14:05 [INFO] ID: minecraft:waxed_oxidized_copper, Count: 47
2026-07-30 23:14:05 [INFO] ID: minecraft:deepslate_brick_stairs, Count: 20
2026-07-30 23:14:05 [INFO] ID: minecraft:polished_andesite_stairs, Count: 4
2026-07-30 23:14:05 [INFO] ID: create:simple_kinetic, Count: 57
2026-07-30 23:14:05 [INFO] ID: create:cut_granite, Count: 334
2026-07-30 23:14:05 [INFO] ID: create:harvester, Count: 8
2026-07-30 23:14:05 [INFO] ID: minecraft:dirt, Count: 2576
2026-07-30 23:14:05 [INFO] ID: create:cut_granite_slab, Count: 24
2026-07-30 23:14:05 [INFO] ID: create:andesite_bars, Count: 49
2026-07-30 23:14:05 [INFO] ID: minecraft:redstone_wire, Count: 1
2026-07-30 23:14:05 [INFO] ID: create:chute, Count: 30
2026-07-30 23:14:05 [INFO] ID: create:horizontal_framed_glass, Count: 44
2026-07-30 23:14:05 [INFO] ID: create:water_wheel_structure, Count: 176
2026-07-30 23:14:05 [INFO] ID: create:encased_shaft, Count: 31
2026-07-30 23:14:05 [INFO] ID: create:smart_chute, Count: 1
2026-07-30 23:14:05 [INFO] ID: create:crushing_wheel_controller, Count: 2
2026-07-30 23:14:05 [INFO] ID: create:small_deepslate_brick_stairs, Count: 71
2026-07-30 23:14:05 [INFO] ID: minecraft:sugar_cane, Count: 47
2026-07-30 23:14:05 [INFO] ID: create:basin, Count: 2
2026-07-30 23:14:05 [INFO] ID: minecraft:lilac, Count: 14
2026-07-30 23:14:05 [INFO] ID: create:polished_cut_andesite_slab, Count: 3
2026-07-30 23:14:05 [INFO] ID: create:large_water_wheel, Count: 22
2026-07-30 23:14:05 [INFO] ID: create:portable_storage_interface, Count: 2
2026-07-30 23:14:05 [INFO] ID: minecraft:deepslate_tile_slab, Count: 58
2026-07-30 23:14:05 [INFO] ID: create:gearbox, Count: 56
2026-07-30 23:14:05 [INFO] ID: create:layered_diorite, Count: 70
2026-07-30 23:14:05 [INFO] ID: create:framed_glass_pane, Count: 74
2026-07-30 23:14:05 [INFO] ID: minecraft:spruce_trapdoor, Count: 84
2026-07-30 23:14:05 [INFO] ID: create:andesite_belt_funnel, Count: 1
2026-07-30 23:14:05 [INFO] ID: create:pulse_timer, Count: 1
2026-07-30 23:14:05 [INFO] ID: create:stressometer, Count: 1
2026-07-30 23:14:05 [INFO] ID: create:cut_granite_bricks, Count: 421
2026-07-30 23:14:05 [ERROR] Fluid Tank Controller quantity does not match! [Number of Controllers | Number of Tanks Found][258|134]
2026-07-30 23:14:05 [ERROR] [FluidTank] cleared mismatched tanks: 134
2026-07-30 23:14:05 [INFO] bibi~ scan success time consume：534 ms
2026-07-30 23:30:50 [INFO] thread run！goal =》./schematics/uploaded/Kraka47/blaze_cake_farm_2_m2lkf5dbrq.nbt
2026-07-30 23:30:50 [INFO] Meow, output schematic item list!
2026-07-30 23:30:50 [INFO] ID: create:spout, Count: 1
2026-07-30 23:30:50 [INFO] ID: create:mechanical_pump, Count: 2
2026-07-30 23:30:50 [INFO] ID: minecraft:smooth_stone, Count: 61
2026-07-30 23:30:50 [INFO] ID: create:pulse_extender, Count: 1
2026-07-30 23:30:50 [INFO] ID: create:mechanical_mixer, Count: 1
2026-07-30 23:30:50 [INFO] ID: minecraft:hopper, Count: 7
2026-07-30 23:30:50 [INFO] ID: create:mechanical_press, Count: 2
2026-07-30 23:30:50 [INFO] ID: create:gearshift, Count: 1
2026-07-30 23:30:50 [INFO] ID: minecraft:stone, Count: 1
2026-07-30 23:30:50 [INFO] ID: create:redstone_contact, Count: 2
2026-07-30 23:30:50 [INFO] ID: create:brass_belt_funnel, Count: 4
2026-07-30 23:30:50 [INFO] ID: create:belt, Count: 24
2026-07-30 23:30:50 [INFO] ID: create:gantry_shaft, Count: 8
2026-07-30 23:30:50 [INFO] ID: minecraft:composter, Count: 3
2026-07-30 23:30:50 [INFO] ID: create:encased_fluid_pipe, Count: 1
2026-07-30 23:30:50 [INFO] ID: minecraft:nether_wart, Count: 11
2026-07-30 23:30:50 [INFO] ID: create:blaze_heater, Count: 1
2026-07-30 23:30:50 [INFO] ID: create:fluid_pipe, Count: 31
2026-07-30 23:30:50 [INFO] ID: minecraft:soul_sand, Count: 11
2026-07-30 23:30:50 [INFO] ID: create:gantry_pinion, Count: 1
2026-07-30 23:30:50 [INFO] ID: minecraft:stone_brick_stairs, Count: 1
2026-07-30 23:30:50 [INFO] ID: minecraft:lava, Count: 19
2026-07-30 23:30:50 [INFO] ID: minecraft:cauldron, Count: 4
2026-07-30 23:30:50 [INFO] ID: minecraft:lever, Count: 1
2026-07-30 23:30:50 [INFO] ID: create:crushing_wheel, Count: 2
2026-07-30 23:30:50 [INFO] ID: minecraft:lava_cauldron, Count: 14
2026-07-30 23:30:50 [INFO] ID: minecraft:grass_block, Count: 10
2026-07-30 23:30:50 [INFO] ID: minecraft:water, Count: 5
2026-07-30 23:30:50 [INFO] ID: create:drill, Count: 1
2026-07-30 23:30:50 [INFO] ID: minecraft:barrel, Count: 2
2026-07-30 23:30:50 [INFO] ID: create:simple_kinetic, Count: 18
2026-07-30 23:30:50 [INFO] ID: create:adjustable_chain_gearshift, Count: 1
2026-07-30 23:30:50 [INFO] ID: create:harvester, Count: 6
2026-07-30 23:30:50 [INFO] ID: minecraft:pointed_dripstone, Count: 18
2026-07-30 23:30:50 [INFO] ID: minecraft:redstone_wire, Count: 7
2026-07-30 23:30:50 [INFO] ID: create:chute, Count: 5
2026-07-30 23:30:50 [INFO] ID: create:depot, Count: 4
2026-07-30 23:30:50 [INFO] ID: create:encased_shaft, Count: 10
2026-07-30 23:30:50 [INFO] ID: create:crushing_wheel_controller, Count: 1
2026-07-30 23:30:50 [INFO] ID: create:millstone, Count: 3
2026-07-30 23:30:50 [INFO] ID: minecraft:sugar_cane, Count: 9
2026-07-30 23:30:50 [INFO] ID: create:basin, Count: 3
2026-07-30 23:30:50 [INFO] ID: create:portable_storage_interface, Count: 2
2026-07-30 23:30:50 [INFO] ID: create:gearbox, Count: 17
2026-07-30 23:30:50 [INFO] ID: create:andesite_funnel, Count: 2
2026-07-30 23:30:50 [INFO] ID: minecraft:spruce_trapdoor, Count: 4
2026-07-30 23:30:50 [INFO] ID: create:andesite_belt_funnel, Count: 6
2026-07-30 23:30:50 [INFO] bibi~ scan success time consume：88 ms
2026-07-31 00:48:14 [INFO] thread run！goal =》./schematics/uploaded/Kraka47/natherrack_farm.nbt
2026-07-31 00:48:14 [INFO] Meow, output schematic item list!
2026-07-31 00:48:14 [INFO] ID: create:mechanical_pump, Count: 1
2026-07-31 00:48:14 [INFO] ID: minecraft:smooth_stone, Count: 10
2026-07-31 00:48:14 [INFO] ID: create:mechanical_mixer, Count: 4
2026-07-31 00:48:14 [INFO] ID: minecraft:hopper, Count: 4
2026-07-31 00:48:14 [INFO] ID: minecraft:oak_leaves, Count: 4
2026-07-31 00:48:14 [INFO] ID: create:brass_belt_funnel, Count: 5
2026-07-31 00:48:14 [INFO] ID: create:belt, Count: 23
2026-07-31 00:48:14 [INFO] ID: create:fluid_pipe, Count: 6
2026-07-31 00:48:14 [INFO] ID: minecraft:lava, Count: 4
2026-07-31 00:48:14 [INFO] ID: minecraft:chest, Count: 2
2026-07-31 00:48:14 [INFO] ID: create:drill, Count: 4
2026-07-31 00:48:14 [INFO] ID: minecraft:cobblestone, Count: 4
2026-07-31 00:48:14 [INFO] ID: create:brass_tunnel, Count: 6
2026-07-31 00:48:14 [INFO] ID: create:simple_kinetic, Count: 10
2026-07-31 00:48:14 [INFO] ID: create:chute, Count: 4
2026-07-31 00:48:14 [INFO] ID: create:encased_shaft, Count: 5
2026-07-31 00:48:14 [INFO] ID: create:millstone, Count: 4
2026-07-31 00:48:14 [INFO] ID: create:basin, Count: 4
2026-07-31 00:48:14 [INFO] ID: create:gearbox, Count: 6
2026-07-31 00:48:14 [INFO] bibi~ scan success time consume：157 ms
2026-07-31 00:49:03 [INFO] thread run！goal =》./schematics/uploaded/Kraka47/redstoneorgunpowder_9cdlphwntz.nbt
2026-07-31 00:49:03 [INFO] Meow, output schematic item list!
2026-07-31 00:49:03 [INFO] ID: create:mechanical_pump, Count: 1
2026-07-31 00:49:03 [INFO] ID: minecraft:smooth_stone, Count: 94
2026-07-31 00:49:03 [INFO] ID: create:item_vault, Count: 12
2026-07-31 00:49:03 [INFO] ID: create:mechanical_press, Count: 2
2026-07-31 00:49:03 [INFO] ID: create:stockpile_switch, Count: 1
2026-07-31 00:49:03 [INFO] ID: create:brass_funnel, Count: 2
2026-07-31 00:49:03 [INFO] ID: create:copycat, Count: 10
2026-07-31 00:49:03 [INFO] ID: create:brass_belt_funnel, Count: 6
2026-07-31 00:49:03 [INFO] ID: create:belt, Count: 21
2026-07-31 00:49:03 [INFO] ID: minecraft:lava, Count: 1
2026-07-31 00:49:03 [INFO] ID: minecraft:chest, Count: 4
2026-07-31 00:49:03 [INFO] ID: create:crushing_wheel, Count: 4
2026-07-31 00:49:03 [INFO] ID: create:drill, Count: 1
2026-07-31 00:49:03 [INFO] ID: minecraft:cobblestone, Count: 1
2026-07-31 00:49:03 [INFO] ID: create:encased_fan, Count: 1
2026-07-31 00:49:03 [INFO] ID: create:simple_kinetic, Count: 6
2026-07-31 00:49:03 [INFO] ID: minecraft:redstone_wire, Count: 1
2026-07-31 00:49:03 [INFO] ID: create:chute, Count: 2
2026-07-31 00:49:03 [INFO] ID: create:encased_shaft, Count: 23
2026-07-31 00:49:03 [INFO] ID: create:crushing_wheel_controller, Count: 2
2026-07-31 00:49:03 [INFO] ID: create:basin, Count: 2
2026-07-31 00:49:03 [INFO] ID: create:gearbox, Count: 9
2026-07-31 00:49:03 [INFO] ID: create:andesite_belt_funnel, Count: 6
2026-07-31 00:49:03 [INFO] bibi~ scan success time consume：37 ms
2026-07-31 00:50:03 [INFO] thread run！goal =》./schematics/uploaded/Kraka47/uberswe_gold_factory_fpq153ojz1.nbt
2026-07-31 00:50:03 [INFO] Meow, output schematic item list!
2026-07-31 00:50:03 [INFO] ID: create:ornate_iron_window_pane, Count: 3
2026-07-31 00:50:03 [INFO] ID: create:mechanical_pump, Count: 2
2026-07-31 00:50:03 [INFO] ID: create:item_vault, Count: 145
2026-07-31 00:50:03 [INFO] ID: create:rotation_speed_controller, Count: 2
2026-07-31 00:50:03 [INFO] ID: minecraft:hopper, Count: 13
2026-07-31 00:50:03 [INFO] ID: create:mechanical_press, Count: 2
2026-07-31 00:50:03 [INFO] ID: minecraft:stone_bricks, Count: 75
2026-07-31 00:50:03 [INFO] ID: minecraft:bricks, Count: 405
2026-07-31 00:50:03 [INFO] ID: minecraft:granite, Count: 217
2026-07-31 00:50:03 [INFO] ID: minecraft:oak_leaves, Count: 13
2026-07-31 00:50:03 [INFO] ID: minecraft:lantern, Count: 24
2026-07-31 00:50:03 [INFO] ID: create:powered_shaft, Count: 11
2026-07-31 00:50:03 [INFO] ID: minecraft:stone_stairs, Count: 8
2026-07-31 00:50:03 [INFO] ID: minecraft:stone, Count: 131
2026-07-31 00:50:03 [INFO] ID: minecraft:poppy, Count: 12
2026-07-31 00:50:03 [INFO] ID: create:steam_engine, Count: 11
2026-07-31 00:50:03 [INFO] ID: minecraft:granite_wall, Count: 8
2026-07-31 00:50:03 [INFO] ID: create:metal_girder, Count: 36
2026-07-31 00:50:03 [INFO] ID: create:stockpile_switch, Count: 3
2026-07-31 00:50:03 [INFO] ID: minecraft:chain, Count: 43
2026-07-31 00:50:03 [INFO] ID: create:brass_funnel, Count: 11
2026-07-31 00:50:03 [INFO] ID: minecraft:short_grass, Count: 92
2026-07-31 00:50:03 [INFO] ID: minecraft:oak_trapdoor, Count: 1
2026-07-31 00:50:03 [INFO] ID: create:copycat, Count: 32
2026-07-31 00:50:03 [INFO] ID: create:brass_belt_funnel, Count: 15
2026-07-31 00:50:03 [INFO] ID: create:placard, Count: 2
2026-07-31 00:50:03 [INFO] ID: minecraft:polished_granite_stairs, Count: 5
2026-07-31 00:50:03 [INFO] ID: minecraft:potted_cactus, Count: 1
2026-07-31 00:50:03 [INFO] ID: create:belt, Count: 14
2026-07-31 00:50:03 [INFO] ID: minecraft:brick_slab, Count: 1
2026-07-31 00:50:03 [INFO] ID: create:encased_fluid_pipe, Count: 4
2026-07-31 00:50:03 [INFO] ID: create:item_drain, Count: 5
2026-07-31 00:50:03 [INFO] ID: create:fluid_pipe, Count: 30
2026-07-31 00:50:03 [INFO] ID: minecraft:spruce_slab, Count: 26
2026-07-31 00:50:03 [INFO] ID: minecraft:bed, Count: 2
2026-07-31 00:50:03 [INFO] ID: create:glass_fluid_pipe, Count: 2
2026-07-31 00:50:03 [INFO] ID: create:fluid_tank, Count: 92
2026-07-31 00:50:03 [INFO] ID: minecraft:campfire, Count: 33
2026-07-31 00:50:03 [INFO] ID: minecraft:lava, Count: 7
2026-07-31 00:50:03 [INFO] ID: minecraft:deepslate_brick_slab, Count: 79
2026-07-31 00:50:03 [INFO] ID: create:white_seat, Count: 1
2026-07-31 00:50:03 [INFO] ID: minecraft:waxed_oxidized_cut_copper_slab, Count: 78
2026-07-31 00:50:03 [INFO] ID: create:andesite_ladder, Count: 15
2026-07-31 00:50:03 [INFO] ID: minecraft:crafting_table, Count: 1
2026-07-31 00:50:03 [INFO] ID: minecraft:lever, Count: 5
2026-07-31 00:50:03 [INFO] ID: create:redstone_link, Count: 2
2026-07-31 00:50:03 [INFO] ID: create:crushing_wheel, Count: 4
2026-07-31 00:50:03 [INFO] ID: create:andesite_casing, Count: 12
2026-07-31 00:50:03 [INFO] ID: create:toolbox, Count: 1
2026-07-31 00:50:03 [INFO] ID: minecraft:lava_cauldron, Count: 2
2026-07-31 00:50:03 [INFO] ID: minecraft:polished_deepslate, Count: 94
2026-07-31 00:50:03 [INFO] ID: minecraft:grass_block, Count: 170
2026-07-31 00:50:03 [INFO] ID: create:industrial_iron_window_pane, Count: 13
2026-07-31 00:50:03 [INFO] ID: minecraft:water, Count: 28
2026-07-31 00:50:03 [INFO] ID: create:clutch, Count: 2
2026-07-31 00:50:03 [INFO] ID: minecraft:brick_stairs, Count: 46
2026-07-31 00:50:03 [INFO] ID: minecraft:cracked_stone_bricks, Count: 79
2026-07-31 00:50:03 [INFO] ID: create:drill, Count: 12
2026-07-31 00:50:03 [INFO] ID: minecraft:warped_stairs, Count: 82
2026-07-31 00:50:03 [INFO] ID: minecraft:polished_deepslate_stairs, Count: 413
2026-07-31 00:50:03 [INFO] ID: minecraft:barrel, Count: 6
2026-07-31 00:50:03 [INFO] ID: create:industrial_iron_block, Count: 6
2026-07-31 00:50:03 [INFO] ID: minecraft:cobblestone, Count: 84
2026-07-31 00:50:03 [INFO] ID: create:weathered_iron_window_pane, Count: 87
2026-07-31 00:50:03 [INFO] ID: create:encased_fan, Count: 6
2026-07-31 00:50:03 [INFO] ID: create:simple_kinetic, Count: 75
2026-07-31 00:50:03 [INFO] ID: create:cut_granite, Count: 100
2026-07-31 00:50:03 [INFO] ID: minecraft:dirt, Count: 705
2026-07-31 00:50:03 [INFO] ID: create:chute, Count: 27
2026-07-31 00:50:03 [INFO] ID: minecraft:moss_carpet, Count: 1
2026-07-31 00:50:03 [INFO] ID: create:depot, Count: 8
2026-07-31 00:50:03 [INFO] ID: create:water_wheel_structure, Count: 16
2026-07-31 00:50:03 [INFO] ID: create:encased_shaft, Count: 36
2026-07-31 00:50:03 [INFO] ID: minecraft:glass, Count: 42
2026-07-31 00:50:03 [INFO] ID: create:smart_chute, Count: 5
2026-07-31 00:50:03 [INFO] ID: create:crushing_wheel_controller, Count: 2
2026-07-31 00:50:03 [INFO] ID: minecraft:brick_wall, Count: 48
2026-07-31 00:50:03 [INFO] ID: create:millstone, Count: 1
2026-07-31 00:50:03 [INFO] ID: create:basin, Count: 2
2026-07-31 00:50:03 [INFO] ID: minecraft:spruce_planks, Count: 3
2026-07-31 00:50:03 [INFO] ID: minecraft:andesite, Count: 71
2026-07-31 00:50:03 [INFO] ID: create:large_water_wheel, Count: 2
2026-07-31 00:50:03 [INFO] ID: minecraft:tall_grass, Count: 8
2026-07-31 00:50:03 [INFO] ID: create:cut_granite_brick_wall, Count: 39
2026-07-31 00:50:03 [INFO] ID: create:gearbox, Count: 13
2026-07-31 00:50:03 [INFO] ID: minecraft:spruce_trapdoor, Count: 17
2026-07-31 00:50:03 [INFO] ID: create:stressometer, Count: 1
2026-07-31 00:50:03 [INFO] ID: minecraft:dandelion, Count: 3
2026-07-31 00:50:03 [INFO] ID: create:cut_granite_bricks, Count: 94
2026-07-31 00:50:03 [INFO] bibi~ scan success time consume：218 ms
2026-07-31 01:25:08 [INFO] CSC close completely, thanks for using!
2026-07-31 07:22:41 [INFO] CSC is loading...   Success！
2026-07-31 07:23:19 [INFO]    _____  _____  _____ 
2026-07-31 07:23:19 [INFO]   / ____|/ ____|/ ____|
2026-07-31 07:23:19 [INFO]  | |    | (___ | |        [CSC] Version: v1.21.27
2026-07-31 07:23:19 [INFO]  | |     \___ \| |        Minecraft Version: 1.21.1 neoforge
2026-07-31 07:23:19 [INFO]  | |____ ____) | |____    Problem/Feedback: Discord: https://discord.gg/rQV5JPauY7
2026-07-31 07:23:19 [INFO]   \_____|_____/ \_____|
2026-07-31 07:23:19 [INFO]                        
2026-07-31 07:23:19 [INFO] Security notice: Mod id whitelist mode is enabled. This feature restricts printing blocks from mods outside the whitelist to reduce the risk of blueprint vulnerabilities from unknown mods.
If the administrator already understands this security notice, disable the notice with: /csc notice whitelistid off
Control mod id whitelist mode: /csc mode whitelistid on|off
Open config/CSC/config.toml for more detailed configuration.
2026-07-31 07:52:47 [INFO] CSC close completely, thanks for using!
2026-07-31 08:29:43 [INFO] CSC is loading...   Success！
2026-07-31 08:30:24 [INFO]    _____  _____  _____ 
2026-07-31 08:30:24 [INFO]   / ____|/ ____|/ ____|
2026-07-31 08:30:24 [INFO]  | |    | (___ | |        [CSC] Version: v1.21.27
2026-07-31 08:30:24 [INFO]  | |     \___ \| |        Minecraft Version: 1.21.1 neoforge
2026-07-31 08:30:24 [INFO]  | |____ ____) | |____    Problem/Feedback: Discord: https://discord.gg/rQV5JPauY7
2026-07-31 08:30:24 [INFO]   \_____|_____/ \_____|
2026-07-31 08:30:24 [INFO]                        
2026-07-31 08:30:24 [INFO] Security notice: Mod id whitelist mode is enabled. This feature restricts printing blocks from mods outside the whitelist to reduce the risk of blueprint vulnerabilities from unknown mods.
If the administrator already understands this security notice, disable the notice with: /csc notice whitelistid off
Control mod id whitelist mode: /csc mode whitelistid on|off
Open config/CSC/config.toml for more detailed configuration.
2026-07-31 10:32:23 [INFO] CSC close completely, thanks for using!
2026-07-31 10:47:25 [INFO] CSC is loading...   Success！
2026-07-31 10:48:04 [INFO]    _____  _____  _____ 
2026-07-31 10:48:04 [INFO]   / ____|/ ____|/ ____|
2026-07-31 10:48:04 [INFO]  | |    | (___ | |        [CSC] Version: v1.21.27
2026-07-31 10:48:04 [INFO]  | |     \___ \| |        Minecraft Version: 1.21.1 neoforge
2026-07-31 10:48:04 [INFO]  | |____ ____) | |____    Problem/Feedback: Discord: https://discord.gg/rQV5JPauY7
2026-07-31 10:48:04 [INFO]   \_____|_____/ \_____|
2026-07-31 10:48:04 [INFO]                        
2026-07-31 10:48:04 [INFO] Security notice: Mod id whitelist mode is enabled. This feature restricts printing blocks from mods outside the whitelist to reduce the risk of blueprint vulnerabilities from unknown mods.
If the administrator already understands this security notice, disable the notice with: /csc notice whitelistid off
Control mod id whitelist mode: /csc mode whitelistid on|off
Open config/CSC/config.toml for more detailed configuration.
2026-07-31 11:14:41 [INFO] CSC close completely, thanks for using!
2026-07-31 11:27:24 [INFO] CSC is loading...   Success！
2026-07-31 11:28:01 [INFO]    _____  _____  _____ 
2026-07-31 11:28:01 [INFO]   / ____|/ ____|/ ____|
2026-07-31 11:28:01 [INFO]  | |    | (___ | |        [CSC] Version: v1.21.27
2026-07-31 11:28:01 [INFO]  | |     \___ \| |        Minecraft Version: 1.21.1 neoforge
2026-07-31 11:28:01 [INFO]  | |____ ____) | |____    Problem/Feedback: Discord: https://discord.gg/rQV5JPauY7
2026-07-31 11:28:01 [INFO]   \_____|_____/ \_____|
2026-07-31 11:28:01 [INFO]                        
2026-07-31 11:28:01 [INFO] Security notice: Mod id whitelist mode is enabled. This feature restricts printing blocks from mods outside the whitelist to reduce the risk of blueprint vulnerabilities from unknown mods.
If the administrator already understands this security notice, disable the notice with: /csc notice whitelistid off
Control mod id whitelist mode: /csc mode whitelistid on|off
Open config/CSC/config.toml for more detailed configuration.
2026-07-31 11:47:42 [INFO] CSC close completely, thanks for using!
2026-07-31 18:15:41 [INFO] CSC is loading...   Success！
2026-07-31 18:16:22 [INFO]    _____  _____  _____ 
2026-07-31 18:16:22 [INFO]   / ____|/ ____|/ ____|
2026-07-31 18:16:22 [INFO]  | |    | (___ | |        [CSC] Version: v1.21.27
2026-07-31 18:16:22 [INFO]  | |     \___ \| |        Minecraft Version: 1.21.1 neoforge
2026-07-31 18:16:22 [INFO]  | |____ ____) | |____    Problem/Feedback: Discord: https://discord.gg/rQV5JPauY7
2026-07-31 18:16:22 [INFO]   \_____|_____/ \_____|
2026-07-31 18:16:22 [INFO]                        
2026-07-31 18:16:22 [INFO] Security notice: Mod id whitelist mode is enabled. This feature restricts printing blocks from mods outside the whitelist to reduce the risk of blueprint vulnerabilities from unknown mods.
If the administrator already understands this security notice, disable the notice with: /csc notice whitelistid off
Control mod id whitelist mode: /csc mode whitelistid on|off
Open config/CSC/config.toml for more detailed configuration.
2026-07-31 18:18:33 [INFO] CSC close completely, thanks for using!
2026-07-31 18:19:54 [INFO] CSC is loading...   Success！
2026-07-31 18:20:32 [INFO]    _____  _____  _____ 
2026-07-31 18:20:32 [INFO]   / ____|/ ____|/ ____|
2026-07-31 18:20:32 [INFO]  | |    | (___ | |        [CSC] Version: v1.21.27
2026-07-31 18:20:32 [INFO]  | |     \___ \| |        Minecraft Version: 1.21.1 neoforge
2026-07-31 18:20:32 [INFO]  | |____ ____) | |____    Problem/Feedback: Discord: https://discord.gg/rQV5JPauY7
2026-07-31 18:20:32 [INFO]   \_____|_____/ \_____|
2026-07-31 18:20:32 [INFO]                        
2026-07-31 18:20:32 [INFO] Security notice: Mod id whitelist mode is enabled. This feature restricts printing blocks from mods outside the whitelist to reduce the risk of blueprint vulnerabilities from unknown mods.
If the administrator already understands this security notice, disable the notice with: /csc notice whitelistid off
Control mod id whitelist mode: /csc mode whitelistid on|off
Open config/CSC/config.toml for more detailed configuration.
2026-07-31 18:26:43 [INFO] CSC is loading...   Success！
2026-07-31 18:27:06 [INFO]    _____  _____  _____ 
2026-07-31 18:27:06 [INFO]   / ____|/ ____|/ ____|
2026-07-31 18:27:06 [INFO]  | |    | (___ | |        [CSC] Version: v1.21.27
2026-07-31 18:27:06 [INFO]  | |     \___ \| |        Minecraft Version: 1.21.1 neoforge
2026-07-31 18:27:06 [INFO]  | |____ ____) | |____    Problem/Feedback: Discord: https://discord.gg/rQV5JPauY7
2026-07-31 18:27:06 [INFO]   \_____|_____/ \_____|
2026-07-31 18:27:06 [INFO]                        
2026-07-31 18:27:06 [INFO] Security notice: Mod id whitelist mode is enabled. This feature restricts printing blocks from mods outside the whitelist to reduce the risk of blueprint vulnerabilities from unknown mods.
If the administrator already understands this security notice, disable the notice with: /csc notice whitelistid off
Control mod id whitelist mode: /csc mode whitelistid on|off
Open config/CSC/config.toml for more detailed configuration.
2026-08-01 01:05:02 [INFO] CSC close completely, thanks for using!
2026-08-01 13:30:52 [INFO] CSC is loading...   Success！
2026-08-01 13:31:19 [INFO]    _____  _____  _____ 
2026-08-01 13:31:19 [INFO]   / ____|/ ____|/ ____|
2026-08-01 13:31:19 [INFO]  | |    | (___ | |        [CSC] Version: v1.21.27
2026-08-01 13:31:19 [INFO]  | |     \___ \| |        Minecraft Version: 1.21.1 neoforge
2026-08-01 13:31:19 [INFO]  | |____ ____) | |____    Problem/Feedback: Discord: https://discord.gg/rQV5JPauY7
2026-08-01 13:31:19 [INFO]   \_____|_____/ \_____|
2026-08-01 13:31:19 [INFO]                        
2026-08-01 13:31:19 [INFO] Security notice: Mod id whitelist mode is enabled. This feature restricts printing blocks from mods outside the whitelist to reduce the risk of blueprint vulnerabilities from unknown mods.
If the administrator already understands this security notice, disable the notice with: /csc notice whitelistid off
Control mod id whitelist mode: /csc mode whitelistid on|off
Open config/CSC/config.toml for more detailed configuration.
2026-08-01 16:07:00 [INFO] CSC close completely, thanks for using!
2026-08-02 15:57:17 [INFO] CSC is loading...   Success！
2026-08-02 15:57:41 [INFO]    _____  _____  _____ 
2026-08-02 15:57:41 [INFO]   / ____|/ ____|/ ____|
2026-08-02 15:57:41 [INFO]  | |    | (___ | |        [CSC] Version: v1.21.27
2026-08-02 15:57:41 [INFO]  | |     \___ \| |        Minecraft Version: 1.21.1 neoforge
2026-08-02 15:57:41 [INFO]  | |____ ____) | |____    Problem/Feedback: Discord: https://discord.gg/rQV5JPauY7
2026-08-02 15:57:41 [INFO]   \_____|_____/ \_____|
2026-08-02 15:57:41 [INFO]                        
2026-08-02 15:57:41 [INFO] Security notice: Mod id whitelist mode is enabled. This feature restricts printing blocks from mods outside the whitelist to reduce the risk of blueprint vulnerabilities from unknown mods.
If the administrator already understands this security notice, disable the notice with: /csc notice whitelistid off
Control mod id whitelist mode: /csc mode whitelistid on|off
Open config/CSC/config.toml for more detailed configuration.
2026-08-02 16:04:57 [INFO] CSC close completely, thanks for using!
2026-08-02 19:59:57 [INFO] CSC is loading...   Success！
2026-08-02 20:00:20 [INFO]    _____  _____  _____ 
2026-08-02 20:00:20 [INFO]   / ____|/ ____|/ ____|
2026-08-02 20:00:20 [INFO]  | |    | (___ | |        [CSC] Version: v1.21.27
2026-08-02 20:00:20 [INFO]  | |     \___ \| |        Minecraft Version: 1.21.1 neoforge
2026-08-02 20:00:20 [INFO]  | |____ ____) | |____    Problem/Feedback: Discord: https://discord.gg/rQV5JPauY7
2026-08-02 20:00:20 [INFO]   \_____|_____/ \_____|
2026-08-02 20:00:20 [INFO]                        
2026-08-02 20:00:20 [INFO] Security notice: Mod id whitelist mode is enabled. This feature restricts printing blocks from mods outside the whitelist to reduce the risk of blueprint vulnerabilities from unknown mods.
If the administrator already understands this security notice, disable the notice with: /csc notice whitelistid off
Control mod id whitelist mode: /csc mode whitelistid on|off
Open config/CSC/config.toml for more detailed configuration.
2026-08-02 20:16:08 [INFO] CSC close completely, thanks for using!
2026-08-02 21:24:25 [INFO] CSC is loading...   Success！
2026-08-02 21:24:49 [INFO]    _____  _____  _____ 
2026-08-02 21:24:49 [INFO]   / ____|/ ____|/ ____|
2026-08-02 21:24:49 [INFO]  | |    | (___ | |        [CSC] Version: v1.21.27
2026-08-02 21:24:49 [INFO]  | |     \___ \| |        Minecraft Version: 1.21.1 neoforge
2026-08-02 21:24:49 [INFO]  | |____ ____) | |____    Problem/Feedback: Discord: https://discord.gg/rQV5JPauY7
2026-08-02 21:24:49 [INFO]   \_____|_____/ \_____|
2026-08-02 21:24:49 [INFO]                        
2026-08-02 21:24:49 [INFO] Security notice: Mod id whitelist mode is enabled. This feature restricts printing blocks from mods outside the whitelist to reduce the risk of blueprint vulnerabilities from unknown mods.
If the administrator already understands this security notice, disable the notice with: /csc notice whitelistid off
Control mod id whitelist mode: /csc mode whitelistid on|off
Open config/CSC/config.toml for more detailed configuration.
2026-08-03 00:02:48 [INFO] CSC close completely, thanks for using!
2026-08-03 20:31:17 [INFO] CSC is loading...   Success！
2026-08-03 20:31:58 [INFO]    _____  _____  _____ 
2026-08-03 20:31:58 [INFO]   / ____|/ ____|/ ____|
2026-08-03 20:31:58 [INFO]  | |    | (___ | |        [CSC] Version: v1.21.27
2026-08-03 20:31:58 [INFO]  | |     \___ \| |        Minecraft Version: 1.21.1 neoforge
2026-08-03 20:31:58 [INFO]  | |____ ____) | |____    Problem/Feedback: Discord: https://discord.gg/rQV5JPauY7
2026-08-03 20:31:58 [INFO]   \_____|_____/ \_____|
2026-08-03 20:31:58 [INFO]                        
2026-08-03 20:31:58 [INFO] Security notice: Mod id whitelist mode is enabled. This feature restricts printing blocks from mods outside the whitelist to reduce the risk of blueprint vulnerabilities from unknown mods.
If the administrator already understands this security notice, disable the notice with: /csc notice whitelistid off
Control mod id whitelist mode: /csc mode whitelistid on|off
Open config/CSC/config.toml for more detailed configuration.
2026-08-03 20:32:58 [INFO] CSC close completely, thanks for using!
2026-08-03 20:37:57 [INFO] CSC is loading...   Success！
2026-08-03 20:38:37 [INFO]    _____  _____  _____ 
2026-08-03 20:38:37 [INFO]   / ____|/ ____|/ ____|
2026-08-03 20:38:37 [INFO]  | |    | (___ | |        [CSC] Version: v1.21.27
2026-08-03 20:38:37 [INFO]  | |     \___ \| |        Minecraft Version: 1.21.1 neoforge
2026-08-03 20:38:37 [INFO]  | |____ ____) | |____    Problem/Feedback: Discord: https://discord.gg/rQV5JPauY7
2026-08-03 20:38:37 [INFO]   \_____|_____/ \_____|
2026-08-03 20:38:37 [INFO]                        
2026-08-03 20:38:37 [INFO] Security notice: Mod id whitelist mode is enabled. This feature restricts printing blocks from mods outside the whitelist to reduce the risk of blueprint vulnerabilities from unknown mods.
If the administrator already understands this security notice, disable the notice with: /csc notice whitelistid off
Control mod id whitelist mode: /csc mode whitelistid on|off
Open config/CSC/config.toml for more detailed configuration.
2026-08-03 20:50:46 [INFO] CSC close completely, thanks for using!
2026-08-03 20:52:51 [INFO] CSC is loading...   Success！
2026-08-03 20:53:31 [INFO]    _____  _____  _____ 
2026-08-03 20:53:31 [INFO]   / ____|/ ____|/ ____|
2026-08-03 20:53:31 [INFO]  | |    | (___ | |        [CSC] Version: v1.21.27
2026-08-03 20:53:31 [INFO]  | |     \___ \| |        Minecraft Version: 1.21.1 neoforge
2026-08-03 20:53:31 [INFO]  | |____ ____) | |____    Problem/Feedback: Discord: https://discord.gg/rQV5JPauY7
2026-08-03 20:53:31 [INFO]   \_____|_____/ \_____|
2026-08-03 20:53:31 [INFO]                        
2026-08-03 20:53:31 [INFO] Security notice: Mod id whitelist mode is enabled. This feature restricts printing blocks from mods outside the whitelist to reduce the risk of blueprint vulnerabilities from unknown mods.
If the administrator already understands this security notice, disable the notice with: /csc notice whitelistid off
Control mod id whitelist mode: /csc mode whitelistid on|off
Open config/CSC/config.toml for more detailed configuration.
2026-08-03 23:01:01 [INFO] thread run！goal =》./schematics/uploaded/Kraka47/ultimate_metal_farm.nbt
2026-08-03 23:01:01 [INFO] Meow, output schematic item list!
2026-08-03 23:01:01 [INFO] ID: minecraft:lever, Count: 1
2026-08-03 23:01:01 [INFO] ID: create:redstone_link, Count: 10
2026-08-03 23:01:01 [INFO] ID: create:crushing_wheel, Count: 4
2026-08-03 23:01:01 [INFO] ID: create:mechanical_pump, Count: 15
2026-08-03 23:01:01 [INFO] ID: create:brass_belt_funnel, Count: 5
2026-08-03 23:01:01 [INFO] ID: create:belt, Count: 19
2026-08-03 23:01:01 [INFO] ID: create:item_vault, Count: 61
2026-08-03 23:01:01 [INFO] ID: create:rotation_speed_controller, Count: 1
2026-08-03 23:01:01 [INFO] ID: create:chute, Count: 4
2026-08-03 23:01:01 [INFO] ID: create:fluid_pipe, Count: 3
2026-08-03 23:01:01 [INFO] ID: create:encased_shaft, Count: 4
2026-08-03 23:01:01 [INFO] ID: minecraft:glass, Count: 7
2026-08-03 23:01:01 [INFO] ID: minecraft:water, Count: 4
2026-08-03 23:01:01 [INFO] ID: minecraft:hopper, Count: 14
2026-08-03 23:01:01 [INFO] ID: create:smart_chute, Count: 5
2026-08-03 23:01:01 [INFO] ID: create:crushing_wheel_controller, Count: 2
2026-08-03 23:01:01 [INFO] ID: create:mechanical_press, Count: 6
2026-08-03 23:01:01 [INFO] ID: create:cart_assembler, Count: 1
2026-08-03 23:01:01 [INFO] ID: create:item_hatch, Count: 1
2026-08-03 23:01:01 [INFO] ID: minecraft:oak_planks, Count: 1
2026-08-03 23:01:01 [INFO] ID: create:basin, Count: 6
2026-08-03 23:01:01 [INFO] ID: create:glass_fluid_pipe, Count: 1
2026-08-03 23:01:01 [INFO] ID: minecraft:sign, Count: 2
2026-08-03 23:01:01 [INFO] ID: create:fluid_tank, Count: 13
2026-08-03 23:01:01 [INFO] ID: create:white_sail, Count: 1
2026-08-03 23:01:01 [INFO] ID: minecraft:cobblestone, Count: 12
2026-08-03 23:01:01 [INFO] ID: create:gearbox, Count: 8
2026-08-03 23:01:01 [INFO] ID: create:weighted_ejector, Count: 1
2026-08-03 23:01:01 [INFO] ID: create:encased_fan, Count: 2
2026-08-03 23:01:01 [INFO] ID: create:stockpile_switch, Count: 5
2026-08-03 23:01:01 [INFO] ID: minecraft:chest, Count: 3
2026-08-03 23:01:01 [INFO] ID: create:brass_funnel, Count: 7
2026-08-03 23:01:01 [INFO] ID: create:andesite_funnel, Count: 1
2026-08-03 23:01:01 [INFO] ID: create:andesite_belt_funnel, Count: 6
2026-08-03 23:01:01 [INFO] ID: minecraft:oak_trapdoor, Count: 27
2026-08-03 23:01:01 [INFO] ID: create:simple_kinetic, Count: 31
2026-08-03 23:01:01 [INFO] bibi~ scan success time consume：443 ms
2026-08-04 00:38:25 [INFO] CSC close completely, thanks for using!
2026-08-04 15:45:00 [INFO] CSC is loading...   Success！
2026-08-04 15:45:38 [INFO]    _____  _____  _____ 
2026-08-04 15:45:38 [INFO]   / ____|/ ____|/ ____|
2026-08-04 15:45:38 [INFO]  | |    | (___ | |        [CSC] Version: v1.21.27
2026-08-04 15:45:38 [INFO]  | |     \___ \| |        Minecraft Version: 1.21.1 neoforge
2026-08-04 15:45:38 [INFO]  | |____ ____) | |____    Problem/Feedback: Discord: https://discord.gg/rQV5JPauY7
2026-08-04 15:45:38 [INFO]   \_____|_____/ \_____|
2026-08-04 15:45:38 [INFO]                        
2026-08-04 15:45:38 [INFO] Security notice: Mod id whitelist mode is enabled. This feature restricts printing blocks from mods outside the whitelist to reduce the risk of blueprint vulnerabilities from unknown mods.
If the administrator already understands this security notice, disable the notice with: /csc notice whitelistid off
Control mod id whitelist mode: /csc mode whitelistid on|off
Open config/CSC/config.toml for more detailed configuration.
2026-08-04 18:31:52 [INFO] CSC close completely, thanks for using!
2026-08-04 20:32:26 [INFO] CSC is loading...   Success！
2026-08-04 20:33:07 [INFO]    _____  _____  _____ 
2026-08-04 20:33:07 [INFO]   / ____|/ ____|/ ____|
2026-08-04 20:33:07 [INFO]  | |    | (___ | |        [CSC] Version: v1.21.27
2026-08-04 20:33:07 [INFO]  | |     \___ \| |        Minecraft Version: 1.21.1 neoforge
2026-08-04 20:33:07 [INFO]  | |____ ____) | |____    Problem/Feedback: Discord: https://discord.gg/rQV5JPauY7
2026-08-04 20:33:07 [INFO]   \_____|_____/ \_____|
2026-08-04 20:33:07 [INFO]                        
2026-08-04 20:33:07 [INFO] Security notice: Mod id whitelist mode is enabled. This feature restricts printing blocks from mods outside the whitelist to reduce the risk of blueprint vulnerabilities from unknown mods.
If the administrator already understands this security notice, disable the notice with: /csc notice whitelistid off
Control mod id whitelist mode: /csc mode whitelistid on|off
Open config/CSC/config.toml for more detailed configuration.
2026-08-04 23:43:06 [INFO] CSC close completely, thanks for using!
2026-08-05 15:14:07 [INFO] CSC is loading...   Success！
2026-08-05 15:14:45 [INFO]    _____  _____  _____ 
2026-08-05 15:14:45 [INFO]   / ____|/ ____|/ ____|
2026-08-05 15:14:45 [INFO]  | |    | (___ | |        [CSC] Version: v1.21.27
2026-08-05 15:14:45 [INFO]  | |     \___ \| |        Minecraft Version: 1.21.1 neoforge
2026-08-05 15:14:45 [INFO]  | |____ ____) | |____    Problem/Feedback: Discord: https://discord.gg/rQV5JPauY7
2026-08-05 15:14:45 [INFO]   \_____|_____/ \_____|
2026-08-05 15:14:45 [INFO]                        
2026-08-05 15:14:45 [INFO] Security notice: Mod id whitelist mode is enabled. This feature restricts printing blocks from mods outside the whitelist to reduce the risk of blueprint vulnerabilities from unknown mods.
If the administrator already understands this security notice, disable the notice with: /csc notice whitelistid off
Control mod id whitelist mode: /csc mode whitelistid on|off
Open config/CSC/config.toml for more detailed configuration.
2026-08-05 18:06:13 [INFO] CSC close completely, thanks for using!
2026-08-05 20:31:56 [INFO] CSC is loading...   Success！
2026-08-05 20:32:36 [INFO]    _____  _____  _____ 
2026-08-05 20:32:36 [INFO]   / ____|/ ____|/ ____|
2026-08-05 20:32:36 [INFO]  | |    | (___ | |        [CSC] Version: v1.21.27
2026-08-05 20:32:36 [INFO]  | |     \___ \| |        Minecraft Version: 1.21.1 neoforge
2026-08-05 20:32:36 [INFO]  | |____ ____) | |____    Problem/Feedback: Discord: https://discord.gg/rQV5JPauY7
2026-08-05 20:32:36 [INFO]   \_____|_____/ \_____|
2026-08-05 20:32:36 [INFO]                        
2026-08-05 20:32:36 [INFO] Security notice: Mod id whitelist mode is enabled. This feature restricts printing blocks from mods outside the whitelist to reduce the risk of blueprint vulnerabilities from unknown mods.
If the administrator already understands this security notice, disable the notice with: /csc notice whitelistid off
Control mod id whitelist mode: /csc mode whitelistid on|off
Open config/CSC/config.toml for more detailed configuration.
2026-08-05 20:35:59 [INFO] CSC is loading...   Success！
2026-08-05 20:36:42 [INFO]    _____  _____  _____ 
2026-08-05 20:36:42 [INFO]   / ____|/ ____|/ ____|
2026-08-05 20:36:42 [INFO]  | |    | (___ | |        [CSC] Version: v1.21.27
2026-08-05 20:36:42 [INFO]  | |     \___ \| |        Minecraft Version: 1.21.1 neoforge
2026-08-05 20:36:42 [INFO]  | |____ ____) | |____    Problem/Feedback: Discord: https://discord.gg/rQV5JPauY7
2026-08-05 20:36:42 [INFO]   \_____|_____/ \_____|
2026-08-05 20:36:42 [INFO]                        
2026-08-05 20:36:42 [INFO] Security notice: Mod id whitelist mode is enabled. This feature restricts printing blocks from mods outside the whitelist to reduce the risk of blueprint vulnerabilities from unknown mods.
If the administrator already understands this security notice, disable the notice with: /csc notice whitelistid off
Control mod id whitelist mode: /csc mode whitelistid on|off
Open config/CSC/config.toml for more detailed configuration.
2026-08-05 21:16:22 [INFO] CSC close completely, thanks for using!
2026-08-05 21:17:46 [INFO] CSC is loading...   Success！
2026-08-05 21:18:28 [INFO]    _____  _____  _____ 
2026-08-05 21:18:28 [INFO]   / ____|/ ____|/ ____|
2026-08-05 21:18:28 [INFO]  | |    | (___ | |        [CSC] Version: v1.21.27
2026-08-05 21:18:28 [INFO]  | |     \___ \| |        Minecraft Version: 1.21.1 neoforge
2026-08-05 21:18:28 [INFO]  | |____ ____) | |____    Problem/Feedback: Discord: https://discord.gg/rQV5JPauY7
2026-08-05 21:18:28 [INFO]   \_____|_____/ \_____|
2026-08-05 21:18:28 [INFO]                        
2026-08-05 21:18:28 [INFO] Security notice: Mod id whitelist mode is enabled. This feature restricts printing blocks from mods outside the whitelist to reduce the risk of blueprint vulnerabilities from unknown mods.
If the administrator already understands this security notice, disable the notice with: /csc notice whitelistid off
Control mod id whitelist mode: /csc mode whitelistid on|off
Open config/CSC/config.toml for more detailed configuration.
2026-08-06 01:57:05 [INFO] CSC close completely, thanks for using!
2026-08-06 20:12:25 [INFO] CSC is loading...   Success！
2026-08-06 20:12:52 [INFO]    _____  _____  _____ 
2026-08-06 20:12:52 [INFO]   / ____|/ ____|/ ____|
2026-08-06 20:12:52 [INFO]  | |    | (___ | |        [CSC] Version: v1.21.27
2026-08-06 20:12:52 [INFO]  | |     \___ \| |        Minecraft Version: 1.21.1 neoforge
2026-08-06 20:12:52 [INFO]  | |____ ____) | |____    Problem/Feedback: Discord: https://discord.gg/rQV5JPauY7
2026-08-06 20:12:52 [INFO]   \_____|_____/ \_____|
2026-08-06 20:12:52 [INFO]                        
2026-08-06 20:12:52 [INFO] Security notice: Mod id whitelist mode is enabled. This feature restricts printing blocks from mods outside the whitelist to reduce the risk of blueprint vulnerabilities from unknown mods.
If the administrator already understands this security notice, disable the notice with: /csc notice whitelistid off
Control mod id whitelist mode: /csc mode whitelistid on|off
Open config/CSC/config.toml for more detailed configuration.
2026-08-06 20:18:20 [INFO] CSC close completely, thanks for using!
2026-08-06 20:36:10 [INFO] CSC is loading...   Success！
2026-08-06 20:36:37 [INFO]    _____  _____  _____ 
2026-08-06 20:36:37 [INFO]   / ____|/ ____|/ ____|
2026-08-06 20:36:37 [INFO]  | |    | (___ | |        [CSC] Version: v1.21.27
2026-08-06 20:36:37 [INFO]  | |     \___ \| |        Minecraft Version: 1.21.1 neoforge
2026-08-06 20:36:37 [INFO]  | |____ ____) | |____    Problem/Feedback: Discord: https://discord.gg/rQV5JPauY7
2026-08-06 20:36:37 [INFO]   \_____|_____/ \_____|
2026-08-06 20:36:37 [INFO]                        
2026-08-06 20:36:37 [INFO] Security notice: Mod id whitelist mode is enabled. This feature restricts printing blocks from mods outside the whitelist to reduce the risk of blueprint vulnerabilities from unknown mods.
If the administrator already understands this security notice, disable the notice with: /csc notice whitelistid off
Control mod id whitelist mode: /csc mode whitelistid on|off
Open config/CSC/config.toml for more detailed configuration.
2026-08-07 02:39:49 [INFO] CSC close completely, thanks for using!
2026-08-07 15:34:33 [INFO] CSC is loading...   Success！
2026-08-07 15:35:05 [INFO]    _____  _____  _____ 
2026-08-07 15:35:05 [INFO]   / ____|/ ____|/ ____|
2026-08-07 15:35:05 [INFO]  | |    | (___ | |        [CSC] Version: v1.21.27
2026-08-07 15:35:05 [INFO]  | |     \___ \| |        Minecraft Version: 1.21.1 neoforge
2026-08-07 15:35:05 [INFO]  | |____ ____) | |____    Problem/Feedback: Discord: https://discord.gg/rQV5JPauY7
2026-08-07 15:35:05 [INFO]   \_____|_____/ \_____|
2026-08-07 15:35:05 [INFO]                        
2026-08-07 15:35:05 [INFO] Security notice: Mod id whitelist mode is enabled. This feature restricts printing blocks from mods outside the whitelist to reduce the risk of blueprint vulnerabilities from unknown mods.
If the administrator already understands this security notice, disable the notice with: /csc notice whitelistid off
Control mod id whitelist mode: /csc mode whitelistid on|off
Open config/CSC/config.toml for more detailed configuration.
2026-08-07 18:00:30 [INFO] CSC close completely, thanks for using!
2026-08-07 19:07:43 [INFO] CSC is loading...   Success！
2026-08-07 19:08:10 [INFO]    _____  _____  _____ 
2026-08-07 19:08:10 [INFO]   / ____|/ ____|/ ____|
2026-08-07 19:08:10 [INFO]  | |    | (___ | |        [CSC] Version: v1.21.27
2026-08-07 19:08:10 [INFO]  | |     \___ \| |        Minecraft Version: 1.21.1 neoforge
2026-08-07 19:08:10 [INFO]  | |____ ____) | |____    Problem/Feedback: Discord: https://discord.gg/rQV5JPauY7
2026-08-07 19:08:10 [INFO]   \_____|_____/ \_____|
2026-08-07 19:08:10 [INFO]                        
2026-08-07 19:08:10 [INFO] Security notice: Mod id whitelist mode is enabled. This feature restricts printing blocks from mods outside the whitelist to reduce the risk of blueprint vulnerabilities from unknown mods.
If the administrator already understands this security notice, disable the notice with: /csc notice whitelistid off
Control mod id whitelist mode: /csc mode whitelistid on|off
Open config/CSC/config.toml for more detailed configuration.
2026-08-08 03:23:44 [INFO] CSC close completely, thanks for using!
2026-08-08 03:32:29 [INFO] CSC is loading...   Success！
2026-08-08 03:33:10 [INFO]    _____  _____  _____ 
2026-08-08 03:33:10 [INFO]   / ____|/ ____|/ ____|
2026-08-08 03:33:10 [INFO]  | |    | (___ | |        [CSC] Version: v1.21.27
2026-08-08 03:33:10 [INFO]  | |     \___ \| |        Minecraft Version: 1.21.1 neoforge
2026-08-08 03:33:10 [INFO]  | |____ ____) | |____    Problem/Feedback: Discord: https://discord.gg/rQV5JPauY7
2026-08-08 03:33:10 [INFO]   \_____|_____/ \_____|
2026-08-08 03:33:10 [INFO]                        
2026-08-08 03:33:10 [INFO] Security notice: Mod id whitelist mode is enabled. This feature restricts printing blocks from mods outside the whitelist to reduce the risk of blueprint vulnerabilities from unknown mods.
If the administrator already understands this security notice, disable the notice with: /csc notice whitelistid off
Control mod id whitelist mode: /csc mode whitelistid on|off
Open config/CSC/config.toml for more detailed configuration.
2026-08-08 04:01:43 [INFO] CSC close completely, thanks for using!
2026-08-08 17:13:35 [INFO] CSC is loading...   Success！
2026-08-08 17:14:21 [INFO]    _____  _____  _____ 
2026-08-08 17:14:21 [INFO]   / ____|/ ____|/ ____|
2026-08-08 17:14:21 [INFO]  | |    | (___ | |        [CSC] Version: v1.21.27
2026-08-08 17:14:21 [INFO]  | |     \___ \| |        Minecraft Version: 1.21.1 neoforge
2026-08-08 17:14:21 [INFO]  | |____ ____) | |____    Problem/Feedback: Discord: https://discord.gg/rQV5JPauY7
2026-08-08 17:14:21 [INFO]   \_____|_____/ \_____|
2026-08-08 17:14:21 [INFO]                        
2026-08-08 17:14:21 [INFO] Security notice: Mod id whitelist mode is enabled. This feature restricts printing blocks from mods outside the whitelist to reduce the risk of blueprint vulnerabilities from unknown mods.
If the administrator already understands this security notice, disable the notice with: /csc notice whitelistid off
Control mod id whitelist mode: /csc mode whitelistid on|off
Open config/CSC/config.toml for more detailed configuration.
2026-08-08 17:38:03 [INFO] CSC close completely, thanks for using!
2026-08-08 17:39:08 [INFO] CSC is loading...   Success！
2026-08-08 17:39:53 [INFO]    _____  _____  _____ 
2026-08-08 17:39:53 [INFO]   / ____|/ ____|/ ____|
2026-08-08 17:39:53 [INFO]  | |    | (___ | |        [CSC] Version: v1.21.27
2026-08-08 17:39:53 [INFO]  | |     \___ \| |        Minecraft Version: 1.21.1 neoforge
2026-08-08 17:39:53 [INFO]  | |____ ____) | |____    Problem/Feedback: Discord: https://discord.gg/rQV5JPauY7
2026-08-08 17:39:53 [INFO]   \_____|_____/ \_____|
2026-08-08 17:39:53 [INFO]                        
2026-08-08 17:39:53 [INFO] Security notice: Mod id whitelist mode is enabled. This feature restricts printing blocks from mods outside the whitelist to reduce the risk of blueprint vulnerabilities from unknown mods.
If the administrator already understands this security notice, disable the notice with: /csc notice whitelistid off
Control mod id whitelist mode: /csc mode whitelistid on|off
Open config/CSC/config.toml for more detailed configuration.
2026-08-08 20:01:41 [INFO] CSC close completely, thanks for using!
2026-08-08 20:15:05 [INFO] CSC is loading...   Success！
2026-08-08 20:15:50 [INFO]    _____  _____  _____ 
2026-08-08 20:15:50 [INFO]   / ____|/ ____|/ ____|
2026-08-08 20:15:50 [INFO]  | |    | (___ | |        [CSC] Version: v1.21.27
2026-08-08 20:15:50 [INFO]  | |     \___ \| |        Minecraft Version: 1.21.1 neoforge
2026-08-08 20:15:50 [INFO]  | |____ ____) | |____    Problem/Feedback: Discord: https://discord.gg/rQV5JPauY7
2026-08-08 20:15:50 [INFO]   \_____|_____/ \_____|
2026-08-08 20:15:50 [INFO]                        
2026-08-08 20:15:50 [INFO] Security notice: Mod id whitelist mode is enabled. This feature restricts printing blocks from mods outside the whitelist to reduce the risk of blueprint vulnerabilities from unknown mods.
If the administrator already understands this security notice, disable the notice with: /csc notice whitelistid off
Control mod id whitelist mode: /csc mode whitelistid on|off
Open config/CSC/config.toml for more detailed configuration.
2026-08-09 00:43:06 [INFO] CSC close completely, thanks for using!
2026-08-10 20:14:34 [INFO] CSC is loading...   Success！
2026-08-10 20:15:22 [INFO]    _____  _____  _____ 
2026-08-10 20:15:22 [INFO]   / ____|/ ____|/ ____|
2026-08-10 20:15:22 [INFO]  | |    | (___ | |        [CSC] Version: v1.21.27
2026-08-10 20:15:22 [INFO]  | |     \___ \| |        Minecraft Version: 1.21.1 neoforge
2026-08-10 20:15:22 [INFO]  | |____ ____) | |____    Problem/Feedback: Discord: https://discord.gg/rQV5JPauY7
2026-08-10 20:15:22 [INFO]   \_____|_____/ \_____|
2026-08-10 20:15:22 [INFO]                        
2026-08-10 20:15:22 [INFO] Security notice: Mod id whitelist mode is enabled. This feature restricts printing blocks from mods outside the whitelist to reduce the risk of blueprint vulnerabilities from unknown mods.
If the administrator already understands this security notice, disable the notice with: /csc notice whitelistid off
Control mod id whitelist mode: /csc mode whitelistid on|off
Open config/CSC/config.toml for more detailed configuration.
2026-08-11 00:58:58 [INFO] CSC close completely, thanks for using!
2026-08-11 19:26:42 [INFO] CSC is loading...   Success！
2026-08-11 19:27:27 [INFO]    _____  _____  _____ 
2026-08-11 19:27:27 [INFO]   / ____|/ ____|/ ____|
2026-08-11 19:27:27 [INFO]  | |    | (___ | |        [CSC] Version: v1.21.27
2026-08-11 19:27:27 [INFO]  | |     \___ \| |        Minecraft Version: 1.21.1 neoforge
2026-08-11 19:27:27 [INFO]  | |____ ____) | |____    Problem/Feedback: Discord: https://discord.gg/rQV5JPauY7
2026-08-11 19:27:27 [INFO]   \_____|_____/ \_____|
2026-08-11 19:27:27 [INFO]                        
2026-08-11 19:27:27 [INFO] Security notice: Mod id whitelist mode is enabled. This feature restricts printing blocks from mods outside the whitelist to reduce the risk of blueprint vulnerabilities from unknown mods.
If the administrator already understands this security notice, disable the notice with: /csc notice whitelistid off
Control mod id whitelist mode: /csc mode whitelistid on|off
Open config/CSC/config.toml for more detailed configuration.
2026-08-11 19:57:09 [INFO] CSC close completely, thanks for using!
2026-08-11 20:08:43 [INFO] CSC is loading...   Success！
2026-08-11 20:09:29 [INFO]    _____  _____  _____ 
2026-08-11 20:09:29 [INFO]   / ____|/ ____|/ ____|
2026-08-11 20:09:29 [INFO]  | |    | (___ | |        [CSC] Version: v1.21.27
2026-08-11 20:09:29 [INFO]  | |     \___ \| |        Minecraft Version: 1.21.1 neoforge
2026-08-11 20:09:29 [INFO]  | |____ ____) | |____    Problem/Feedback: Discord: https://discord.gg/rQV5JPauY7
2026-08-11 20:09:29 [INFO]   \_____|_____/ \_____|
2026-08-11 20:09:29 [INFO]                        
2026-08-11 20:09:29 [INFO] Security notice: Mod id whitelist mode is enabled. This feature restricts printing blocks from mods outside the whitelist to reduce the risk of blueprint vulnerabilities from unknown mods.
If the administrator already understands this security notice, disable the notice with: /csc notice whitelistid off
Control mod id whitelist mode: /csc mode whitelistid on|off
Open config/CSC/config.toml for more detailed configuration.
2026-08-11 20:19:14 [INFO] CSC close completely, thanks for using!
2026-08-11 20:29:29 [INFO] CSC is loading...   Success！
2026-08-11 20:30:15 [INFO]    _____  _____  _____ 
2026-08-11 20:30:15 [INFO]   / ____|/ ____|/ ____|
2026-08-11 20:30:15 [INFO]  | |    | (___ | |        [CSC] Version: v1.21.27
2026-08-11 20:30:15 [INFO]  | |     \___ \| |        Minecraft Version: 1.21.1 neoforge
2026-08-11 20:30:15 [INFO]  | |____ ____) | |____    Problem/Feedback: Discord: https://discord.gg/rQV5JPauY7
2026-08-11 20:30:15 [INFO]   \_____|_____/ \_____|
2026-08-11 20:30:15 [INFO]                        
2026-08-11 20:30:15 [INFO] Security notice: Mod id whitelist mode is enabled. This feature restricts printing blocks from mods outside the whitelist to reduce the risk of blueprint vulnerabilities from unknown mods.
If the administrator already understands this security notice, disable the notice with: /csc notice whitelistid off
Control mod id whitelist mode: /csc mode whitelistid on|off
Open config/CSC/config.toml for more detailed configuration.
2026-08-11 20:31:00 [INFO] CSC close completely, thanks for using!
2026-08-11 20:58:18 [INFO] CSC is loading...   Success！
2026-08-11 20:59:02 [INFO]    _____  _____  _____ 
2026-08-11 20:59:02 [INFO]   / ____|/ ____|/ ____|
2026-08-11 20:59:02 [INFO]  | |    | (___ | |        [CSC] Version: v1.21.27
2026-08-11 20:59:02 [INFO]  | |     \___ \| |        Minecraft Version: 1.21.1 neoforge
2026-08-11 20:59:02 [INFO]  | |____ ____) | |____    Problem/Feedback: Discord: https://discord.gg/rQV5JPauY7
2026-08-11 20:59:02 [INFO]   \_____|_____/ \_____|
2026-08-11 20:59:02 [INFO]                        
2026-08-11 20:59:02 [INFO] Security notice: Mod id whitelist mode is enabled. This feature restricts printing blocks from mods outside the whitelist to reduce the risk of blueprint vulnerabilities from unknown mods.
If the administrator already understands this security notice, disable the notice with: /csc notice whitelistid off
Control mod id whitelist mode: /csc mode whitelistid on|off
Open config/CSC/config.toml for more detailed configuration.
2026-08-11 21:04:41 [INFO] CSC close completely, thanks for using!
2026-08-11 21:05:56 [INFO] CSC is loading...   Success！
2026-08-11 21:06:43 [INFO]    _____  _____  _____ 
2026-08-11 21:06:43 [INFO]   / ____|/ ____|/ ____|
2026-08-11 21:06:43 [INFO]  | |    | (___ | |        [CSC] Version: v1.21.27
2026-08-11 21:06:43 [INFO]  | |     \___ \| |        Minecraft Version: 1.21.1 neoforge
2026-08-11 21:06:43 [INFO]  | |____ ____) | |____    Problem/Feedback: Discord: https://discord.gg/rQV5JPauY7
2026-08-11 21:06:43 [INFO]   \_____|_____/ \_____|
2026-08-11 21:06:43 [INFO]                        
2026-08-11 21:06:43 [INFO] Security notice: Mod id whitelist mode is enabled. This feature restricts printing blocks from mods outside the whitelist to reduce the risk of blueprint vulnerabilities from unknown mods.
If the administrator already understands this security notice, disable the notice with: /csc notice whitelistid off
Control mod id whitelist mode: /csc mode whitelistid on|off
Open config/CSC/config.toml for more detailed configuration.
2026-08-12 00:19:58 [INFO] CSC close completely, thanks for using!
2026-08-12 20:37:26 [INFO] CSC is loading...   Success！
2026-08-12 20:38:11 [INFO]    _____  _____  _____ 
2026-08-12 20:38:11 [INFO]   / ____|/ ____|/ ____|
2026-08-12 20:38:11 [INFO]  | |    | (___ | |        [CSC] Version: v1.21.27
2026-08-12 20:38:11 [INFO]  | |     \___ \| |        Minecraft Version: 1.21.1 neoforge
2026-08-12 20:38:11 [INFO]  | |____ ____) | |____    Problem/Feedback: Discord: https://discord.gg/rQV5JPauY7
2026-08-12 20:38:11 [INFO]   \_____|_____/ \_____|
2026-08-12 20:38:11 [INFO]                        
2026-08-12 20:38:11 [INFO] Security notice: Mod id whitelist mode is enabled. This feature restricts printing blocks from mods outside the whitelist to reduce the risk of blueprint vulnerabilities from unknown mods.
If the administrator already understands this security notice, disable the notice with: /csc notice whitelistid off
Control mod id whitelist mode: /csc mode whitelistid on|off
Open config/CSC/config.toml for more detailed configuration.
2026-08-12 23:26:04 [INFO] CSC close completely, thanks for using!
2026-08-12 23:32:15 [INFO] CSC is loading...   Success！
2026-08-12 23:33:00 [INFO]    _____  _____  _____ 
2026-08-12 23:33:00 [INFO]   / ____|/ ____|/ ____|
2026-08-12 23:33:00 [INFO]  | |    | (___ | |        [CSC] Version: v1.21.27
2026-08-12 23:33:00 [INFO]  | |     \___ \| |        Minecraft Version: 1.21.1 neoforge
2026-08-12 23:33:00 [INFO]  | |____ ____) | |____    Problem/Feedback: Discord: https://discord.gg/rQV5JPauY7
2026-08-12 23:33:00 [INFO]   \_____|_____/ \_____|
2026-08-12 23:33:00 [INFO]                        
2026-08-12 23:33:00 [INFO] Security notice: Mod id whitelist mode is enabled. This feature restricts printing blocks from mods outside the whitelist to reduce the risk of blueprint vulnerabilities from unknown mods.
If the administrator already understands this security notice, disable the notice with: /csc notice whitelistid off
Control mod id whitelist mode: /csc mode whitelistid on|off
Open config/CSC/config.toml for more detailed configuration.
2026-08-12 23:34:39 [INFO] CSC close completely, thanks for using!
2026-08-12 23:36:33 [INFO] CSC is loading...   Success！
2026-08-12 23:37:18 [INFO]    _____  _____  _____ 
2026-08-12 23:37:18 [INFO]   / ____|/ ____|/ ____|
2026-08-12 23:37:18 [INFO]  | |    | (___ | |        [CSC] Version: v1.21.27
2026-08-12 23:37:18 [INFO]  | |     \___ \| |        Minecraft Version: 1.21.1 neoforge
2026-08-12 23:37:18 [INFO]  | |____ ____) | |____    Problem/Feedback: Discord: https://discord.gg/rQV5JPauY7
2026-08-12 23:37:18 [INFO]   \_____|_____/ \_____|
2026-08-12 23:37:18 [INFO]                        
2026-08-12 23:37:18 [INFO] Security notice: Mod id whitelist mode is enabled. This feature restricts printing blocks from mods outside the whitelist to reduce the risk of blueprint vulnerabilities from unknown mods.
If the administrator already understands this security notice, disable the notice with: /csc notice whitelistid off
Control mod id whitelist mode: /csc mode whitelistid on|off
Open config/CSC/config.toml for more detailed configuration.
2026-08-13 00:44:32 [INFO] CSC close completely, thanks for using!
2026-08-13 05:47:30 [INFO] CSC is loading...   Success！
2026-08-13 05:48:15 [INFO]    _____  _____  _____ 
2026-08-13 05:48:15 [INFO]   / ____|/ ____|/ ____|
2026-08-13 05:48:15 [INFO]  | |    | (___ | |        [CSC] Version: v1.21.27
2026-08-13 05:48:15 [INFO]  | |     \___ \| |        Minecraft Version: 1.21.1 neoforge
2026-08-13 05:48:15 [INFO]  | |____ ____) | |____    Problem/Feedback: Discord: https://discord.gg/rQV5JPauY7
2026-08-13 05:48:15 [INFO]   \_____|_____/ \_____|
2026-08-13 05:48:15 [INFO]                        
2026-08-13 05:48:15 [INFO] Security notice: Mod id whitelist mode is enabled. This feature restricts printing blocks from mods outside the whitelist to reduce the risk of blueprint vulnerabilities from unknown mods.
If the administrator already understands this security notice, disable the notice with: /csc notice whitelistid off
Control mod id whitelist mode: /csc mode whitelistid on|off
Open config/CSC/config.toml for more detailed configuration.
2026-08-13 06:39:45 [INFO] CSC close completely, thanks for using!
